Sequence,Length,Rank (BIsoforms),Reads (BIsoforms),RPM (BIsoforms),Cluster (BIsoforms),Rank in Cluster (BIsoforms),Edit Distance (BIsoforms),Rank (BCounter),Reads (BCounter),RPM (BCounter),Cluster (BCounter),Rank in Cluster (BCounter),Edit Distance (BCounter),Rank (BENOX),Reads (BENOX),RPM (BENOX),Cluster (BENOX),Rank in Cluster (BENOX),Edit Distance (BENOX),Rank (BNegative),Reads (BNegative),RPM (BNegative),Cluster (BNegative),Rank in Cluster (BNegative),Edit Distance (BNegative),Rank (BPenultimate),Reads (BPenultimate),RPM (BPenultimate),Cluster (BPenultimate),Rank in Cluster (BPenultimate),Edit Distance (BPenultimate),Rank (BNENOX),Reads (BNENOX),RPM (BNENOX),Cluster (BNENOX),Rank in Cluster (BNENOX),Edit Distance (BNENOX),Enrichment (BNENOX/BIsoforms),Enrichment (BNegative/BIsoforms),Enrichment (BPenultimate/BNegative),Enrichment (BPenultimate/BIsoforms),Enrichment (BCounter/BIsoforms),Enrichment (BENOX/BCounter),Enrichment (BENOX/BIsoforms),Bisoforms:Bcounter,Bisoforms:Bnegative,Bisoforms:BENOX,Bisoforms:Bpenultimate,Bisoforms:BNENOX
GACGTCATGGATTGGTAGCACAGGGAATGTG,31,1,538,62.77,1,1,0,1,369,59.04,1,1,0,1,413,50.98,1,1,0,1,321,65.55,1,1,0,1,575,63.88,1,1,0,1,27,7.07,1,1,0,0.112633424,1.044288673,0.974523265,1.017683607,0.940576709,0.863482385,0.812171419,1.063177507,0.957589626,1.231267164,0.982623669,8.878359264
CGCACACTATTAGAGTGTACGCATGATACA,30,2,13,1.52,2,1,0,2,9,1.44,2,1,0,5,5,0.62,3,1,0,9,4,0.82,10,1,0,4,7,0.78,2,1,0,,,,,,,,0.539473684,0.951219512,0.513157895,0.947368421,0.430555556,0.407894737,1.055555556,1.853658537,2.451612903,1.948717949,#DIV/0!
GACGCCATGGATTGGTAGCACAGGGAATGTG,31,3,9,1.05,1,3,1,5,4,0.64,1,5,1,5,5,0.62,1,5,1,,,,,,,2,8,0.89,1,2,1,,,,,,,,,,0.847619048,0.60952381,0.96875,0.59047619,1.640625,#DIV/0!,1.693548387,1.179775281,#DIV/0!
GACGTCACGGATTGGTAGCACAGGGAATGTG,31,3,9,1.05,1,2,1,3,5,0.8,1,2,1,3,7,0.86,1,3,1,5,5,1.02,1,4,1,21,2,0.22,1,24,1,,,,,,,,0.971428571,0.215686275,0.20952381,0.761904762,1.075,0.819047619,1.3125,1.029411765,1.220930233,4.772727273,#DIV/0!
GACGTCATGGATTGGCAGCACAGGGAATGTG,31,5,8,0.93,1,4,1,8,3,0.48,1,7,1,,,,,,,22,3,0.61,1,5,1,8,3,0.33,1,8,1,,,,,,,,0.655913978,0.540983607,0.35483871,0.516129032,,,1.9375,1.524590164,#DIV/0!,2.818181818,#DIV/0!
GACGTCATGGACTGGTAGCACAGGGAATGTG,31,6,6,0.7,1,5,1,16,2,0.32,1,23,1,2,8,0.99,1,2,1,5,5,1.02,1,3,1,6,6,0.67,1,6,1,,,,,,,,1.457142857,0.656862745,0.957142857,0.457142857,3.09375,1.414285714,2.1875,0.68627451,0.707070707,1.044776119,#DIV/0!
GACGTCGTGGATTGGTAGCACAGGGAATGTG,31,7,5,0.58,1,6,1,16,2,0.32,1,27,1,13,2,0.25,1,17,1,,,,,,,,,,,,,,,,,,,,,,,0.551724138,0.78125,0.431034483,1.8125,#DIV/0!,2.32,#DIV/0!,#DIV/0!
GACGTCATGGATCGGTAGCACAGGGAATGTG,31,7,5,0.58,1,7,1,3,5,0.8,1,3,1,5,5,0.62,1,4,1,947,2,0.41,1,9,1,6,6,0.67,1,5,1,,,,,,,,0.706896552,1.634146341,1.155172414,1.379310345,0.775,1.068965517,0.725,1.414634146,0.935483871,0.865671642,#DIV/0!
GACGTCATGGATTGGTGGCACAGGGAATGTG,31,9,4,0.47,1,8,1,8,3,0.48,1,6,1,10,3,0.37,1,8,1,947,2,0.41,1,16,1,2,8,0.89,1,3,1,,,,,,,,0.872340426,2.170731707,1.893617021,1.021276596,0.770833333,0.787234043,0.979166667,1.146341463,1.27027027,0.528089888,#DIV/0!
GACGTCATGGATTGGTAGCACAGGGAGTGTG,31,9,4,0.47,1,9,1,8,3,0.48,1,10,1,10,3,0.37,1,10,1,4,7,1.43,1,2,1,4,7,0.78,1,4,1,,,,,,,,3.042553191,0.545454545,1.659574468,1.021276596,0.770833333,0.787234043,0.979166667,0.328671329,1.27027027,0.602564103,#DIV/0!
GACGTCATGGATTGGTGCACAGGGAATGTG,30,12,3,0.35,1,10,1,,,,,,,13,2,0.25,1,13,1,,,,,,,,,,,,,,,,,,,,,,,,,0.714285714,#DIV/0!,#DIV/0!,1.4,#DIV/0!,#DIV/0!
AGTGGCGGTAGGACGGTGACGGCCGGAGCA,30,12,3,0.35,4,1,0,,,,,,,,,,,,,,,,,,,,,,,,,,,,,,,,,,,,,,#DIV/0!,#DIV/0!,#DIV/0!,#DIV/0!,#DIV/0!
TACTTCCTCGAGTTGCAGTGGTCTTTGCAT,30,12,3,0.35,5,1,0,,,,,,,,,,,,,5,5,1.02,4,1,0,,,,,,,,,,,,,,2.914285714,,,,,,#DIV/0!,0.343137255,#DIV/0!,#DIV/0!,#DIV/0!
GACGTCATGGATTGGTAGCACGGGGAATGTG,31,12,3,0.35,1,13,1,16,2,0.32,1,15,1,9,4,0.49,1,7,1,947,2,0.41,1,21,1,21,2,0.22,1,27,1,,,,,,,,1.171428571,0.536585366,0.628571429,0.914285714,1.53125,1.4,1.09375,0.853658537,0.714285714,1.590909091,#DIV/0!
GACGTCATGGATGGTAGCACAGGGAATGTG,30,12,3,0.35,1,11,1,8,3,0.48,1,8,1,13,2,0.25,1,16,1,947,2,0.41,1,18,1,21,2,0.22,1,23,1,,,,,,,,1.171428571,0.536585366,0.628571429,1.371428571,0.520833333,0.714285714,0.729166667,0.853658537,1.4,1.590909091,#DIV/0!
GACGTCATGGATTGGTAGCACAGGAATGTG,30,12,3,0.35,1,12,1,8,3,0.48,1,9,1,13,2,0.25,1,14,1,,,,,,,8,3,0.33,1,11,1,,,,,,,,,,0.942857143,1.371428571,0.520833333,0.714285714,0.729166667,#DIV/0!,1.4,1.060606061,#DIV/0!
GACGTCATGGATTGGTAGCACACGGAATGTG,31,20,2,0.23,1,14,1,,,,,,,,,,,,,,,,,,,,,,,,,,,,,,,,,,,,,,#DIV/0!,#DIV/0!,#DIV/0!,#DIV/0!,#DIV/0!
GACGTCATGGATTGGTAGCACAGCGAATGTG,31,20,2,0.23,1,16,1,,,,,,,13,2,0.25,1,23,1,947,2,0.41,1,11,1,,,,,,,,,,,,,,1.782608696,,,,,1.086956522,#DIV/0!,0.56097561,0.92,#DIV/0!,#DIV/0!
GACGTCATGGATTGGTACACAGGGAATGTG,30,20,2,0.23,1,17,1,,,,,,,13,2,0.25,1,24,1,,,,,,,,,,,,,,,,,,,,,,,,,1.086956522,#DIV/0!,#DIV/0!,0.92,#DIV/0!,#DIV/0!
GACGTCATCGATTGGTAGCACAGGGAATGTG,31,20,2,0.23,1,19,1,,,,,,,,,,,,,,,,,,,,,,,,,,,,,,,,,,,,,,#DIV/0!,#DIV/0!,#DIV/0!,#DIV/0!,#DIV/0!
CGTCATGGATTGGTAGCACAGGGAATGTG,29,20,2,0.23,1,21,2,,,,,,,,,,,,,,,,,,,,,,,,,,,,,,,,,,,,,,#DIV/0!,#DIV/0!,#DIV/0!,#DIV/0!,#DIV/0!
GCCGTCATGGATTGGTAGCACAGGGAATGTG,31,20,2,0.23,1,23,1,,,,,,,,,,,,,,,,,,,21,2,0.22,1,31,1,,,,,,,,,,0.956521739,,,,#DIV/0!,#DIV/0!,#DIV/0!,1.045454545,#DIV/0!
GACGTCATGGATTGGTAGCACAGGGAACGTG,31,20,2,0.23,1,24,1,,,,,,,,,,,,,,,,,,,,,,,,,,,,,,,,,,,,,,#DIV/0!,#DIV/0!,#DIV/0!,#DIV/0!,#DIV/0!
GACGTCAAGGATTGGTAGCACAGGGAATGTG,31,20,2,0.23,1,25,1,,,,,,,13,2,0.25,1,21,1,947,2,0.41,1,10,1,,,,,,,,,,,,,,1.782608696,,,,,1.086956522,#DIV/0!,0.56097561,0.92,#DIV/0!,#DIV/0!
GACGTCATGGATTGGTAGCACAGGGATTGTG,31,20,2,0.23,1,26,1,,,,,,,,,,,,,,,,,,,,,,,,,,,,,,,,,,,,,,#DIV/0!,#DIV/0!,#DIV/0!,#DIV/0!,#DIV/0!
GACGTCAGGGATTGGTAGCACAGGGAATGTG,31,20,2,0.23,1,27,1,,,,,,,,,,,,,,,,,,,,,,,,,,,,,,,,,,,,,,#DIV/0!,#DIV/0!,#DIV/0!,#DIV/0!,#DIV/0!
GACGTCATGGATTGGTAGCACATGGAATGTG,31,20,2,0.23,1,28,1,,,,,,,,,,,,,947,2,0.41,1,20,1,8,3,0.33,1,13,1,,,,,,,,1.782608696,0.804878049,1.434782609,,,,#DIV/0!,0.56097561,#DIV/0!,0.696969697,#DIV/0!
GACGCATGGATTGGTAGCACAGGGAATGTG,30,20,2,0.23,1,30,1,,,,,,,,,,,,,,,,,,,,,,,,,,,,,,,,,,,,,,#DIV/0!,#DIV/0!,#DIV/0!,#DIV/0!,#DIV/0!
ACGTCATGGATTGGTAGCACAGGGAATGTG,30,20,2,0.23,1,31,1,,,,,,,,,,,,,,,,,,,,,,,,,,,,,,,,,,,,,,#DIV/0!,#DIV/0!,#DIV/0!,#DIV/0!,#DIV/0!
GTCAGGTCCGGAGGGTGCGCTGGATGAGGC,30,20,2,0.23,8,1,0,,,,,,,,,,,,,,,,,,,,,,,,,,,,,,,,,,,,,,#DIV/0!,#DIV/0!,#DIV/0!,#DIV/0!,#DIV/0!
CGTGGGGTTGGGGATGGGCCAAACGGACTA,30,20,2,0.23,9,1,0,,,,,,,,,,,,,,,,,,,,,,,,,,,,,,,,,,,,,,#DIV/0!,#DIV/0!,#DIV/0!,#DIV/0!,#DIV/0!
CCGCCATTTCGCTACGTGGGTGGCAGTGGA,30,20,2,0.23,10,1,0,,,,,,,,,,,,,,,,,,,,,,,,,,,,,,,,,,,,,,#DIV/0!,#DIV/0!,#DIV/0!,#DIV/0!,#DIV/0!
GCCGACAGTCGGTAGGAACGCGGCGTCGTA,30,20,2,0.23,11,1,0,,,,,,,,,,,,,,,,,,,,,,,,,,,,,,,,,,,,,,#DIV/0!,#DIV/0!,#DIV/0!,#DIV/0!,#DIV/0!
AGGGCGTAGCTTCTTGGCCAGGGAGGTCAG,30,20,2,0.23,12,1,0,,,,,,,,,,,,,,,,,,,,,,,,,,,,,,,,,,,,,,#DIV/0!,#DIV/0!,#DIV/0!,#DIV/0!,#DIV/0!
CTAGCGGTGTCCGAGGCGGCCAGGAGGCGG,30,20,2,0.23,13,1,0,,,,,,,,,,,,,,,,,,,,,,,,,,,,,,,,,,,,,,#DIV/0!,#DIV/0!,#DIV/0!,#DIV/0!,#DIV/0!
GGTTAACGGCTGTGGAAGGGGTGATGTTTG,30,20,2,0.23,14,1,0,,,,,,,,,,,,,,,,,,,,,,,,,,,,,,,,,,,,,,#DIV/0!,#DIV/0!,#DIV/0!,#DIV/0!,#DIV/0!
GGGAGAACGGGCGGACCAGTGCACGCCCGA,30,20,2,0.23,15,1,0,,,,,,,,,,,,,,,,,,,,,,,,,,,,,,,,,,,,,,#DIV/0!,#DIV/0!,#DIV/0!,#DIV/0!,#DIV/0!
TGGCAGAAGTTAAGGCCGCTTGCCAGCCTA,30,20,2,0.23,16,1,0,,,,,,,,,,,,,,,,,,,,,,,,,,,,,,,,,,,,,,#DIV/0!,#DIV/0!,#DIV/0!,#DIV/0!,#DIV/0!
CTCTCGTAAATAAGTCGTGTGTGACTCTAT,30,20,2,0.23,17,1,0,,,,,,,,,,,,,,,,,,,,,,,,,,,,,,,,,,,,,,#DIV/0!,#DIV/0!,#DIV/0!,#DIV/0!,#DIV/0!
ACCACACGCACTTAGTCGAGCACGGTGTCA,30,20,2,0.23,18,1,0,,,,,,,,,,,,,,,,,,,,,,,,,,,,,,,,,,,,,,#DIV/0!,#DIV/0!,#DIV/0!,#DIV/0!,#DIV/0!
TACGACGCTGGCTTTGTAGGCGTCGGCGGT,30,20,2,0.23,19,1,0,,,,,,,,,,,,,,,,,,,,,,,,,,,,,,,,,,,,,,#DIV/0!,#DIV/0!,#DIV/0!,#DIV/0!,#DIV/0!
AGGGATGTCCCACATACTGGTGGTGCTGGT,30,20,2,0.23,20,1,0,,,,,,,,,,,,,,,,,,,,,,,,,,,,,,,,,,,,,,#DIV/0!,#DIV/0!,#DIV/0!,#DIV/0!,#DIV/0!
ACCGCGGAGCGTCGCGCGGCGGTGACCCTA,30,20,2,0.23,21,1,0,,,,,,,,,,,,,,,,,,,,,,,,,,,,,,,,,,,,,,#DIV/0!,#DIV/0!,#DIV/0!,#DIV/0!,#DIV/0!
TGGTAGCGGTGCGACCGAACTGTATGGTGT,30,20,2,0.23,22,1,0,,,,,,,,,,,,,,,,,,,,,,,,,,,,,,,,,,,,,,#DIV/0!,#DIV/0!,#DIV/0!,#DIV/0!,#DIV/0!
TAGGACTAAGGAGGCTGGTCGTAAGACAAG,30,20,2,0.23,23,1,0,,,,,,,,,,,,,,,,,,,,,,,,,,,,,,,,,,,,,,#DIV/0!,#DIV/0!,#DIV/0!,#DIV/0!,#DIV/0!
TTGTCCCGGAGGTAGTGGTGCCGGGGCTCG,30,20,2,0.23,24,1,0,,,,,,,,,,,,,,,,,,,,,,,,,,,,,,,,,,,,,,#DIV/0!,#DIV/0!,#DIV/0!,#DIV/0!,#DIV/0!
GGAGGGGTGTGGTCGTGGGCGTGCTGGTGA,30,20,2,0.23,25,1,0,,,,,,,,,,,,,,,,,,,,,,,,,,,,,,,,,,,,,,#DIV/0!,#DIV/0!,#DIV/0!,#DIV/0!,#DIV/0!
TCCACGCTCAAAGTAGAGAGCGGGGAACGT,30,20,2,0.23,26,1,0,,,,,,,,,,,,,,,,,,,,,,,,,,,,,,,,,,,,,,#DIV/0!,#DIV/0!,#DIV/0!,#DIV/0!,#DIV/0!
TACCGACACGTCTATTGGCATGTATGTGCT,30,20,2,0.23,27,1,0,,,,,,,,,,,,,,,,,,,,,,,,,,,,,,,,,,,,,,#DIV/0!,#DIV/0!,#DIV/0!,#DIV/0!,#DIV/0!
CAGGTTAGTGGTGGCTAGCGTGTATGATTG,30,20,2,0.23,28,1,0,,,,,,,,,,,,,,,,,,,,,,,,,,,,,,,,,,,,,,#DIV/0!,#DIV/0!,#DIV/0!,#DIV/0!,#DIV/0!
GGGACGGTTAGGGATGTCGGGTGTCGCGGT,30,20,2,0.23,29,1,0,,,,,,,,,,,,,,,,,,,,,,,,,,,,,,,,,,,,,,#DIV/0!,#DIV/0!,#DIV/0!,#DIV/0!,#DIV/0!
GTCGTTGGCGCGTACAACTGTTTTAGTGAG,30,20,2,0.23,30,1,0,,,,,,,,,,,,,,,,,,,,,,,,,,,,,,,,,,,,,,#DIV/0!,#DIV/0!,#DIV/0!,#DIV/0!,#DIV/0!
GATCTTGTTGCTCGTTGGGAACCAGGAGAT,30,20,2,0.23,31,1,0,,,,,,,,,,,,,,,,,,,,,,,,,,,,,,,,,,,,,,#DIV/0!,#DIV/0!,#DIV/0!,#DIV/0!,#DIV/0!
ACCGCATGAGGCTGTGGACCGGATGCGGGG,30,20,2,0.23,32,1,0,,,,,,,,,,,,,,,,,,,,,,,,,,,,,,,,,,,,,,#DIV/0!,#DIV/0!,#DIV/0!,#DIV/0!,#DIV/0!
AGGGACACGATCTAAAGACTCGTCAGTCCC,30,20,2,0.23,33,1,0,,,,,,,,,,,,,,,,,,,,,,,,,,,,,,,,,,,,,,#DIV/0!,#DIV/0!,#DIV/0!,#DIV/0!,#DIV/0!
TCTTGGGTGGAGCGGGACGCGTGGCGGAGT,30,20,2,0.23,34,1,0,,,,,,,,,,,,,,,,,,,,,,,,,,,,,,,,,,,,,,#DIV/0!,#DIV/0!,#DIV/0!,#DIV/0!,#DIV/0!
GACGGAGGGTCACGTGGGAGCTGTGTGACA,30,20,2,0.23,35,1,0,,,,,,,,,,,,,,,,,,,,,,,,,,,,,,,,,,,,,,#DIV/0!,#DIV/0!,#DIV/0!,#DIV/0!,#DIV/0!
CGCAGTACAGAGGTGCCAGCCAGGGCAACG,30,20,2,0.23,36,1,0,,,,,,,,,,,,,,,,,,,,,,,,,,,,,,,,,,,,,,#DIV/0!,#DIV/0!,#DIV/0!,#DIV/0!,#DIV/0!
ATTGTGCGTCGACTGGTCGAGGAGGAGCAA,30,20,2,0.23,37,1,0,,,,,,,,,,,,,,,,,,,,,,,,,,,,,,,,,,,,,,#DIV/0!,#DIV/0!,#DIV/0!,#DIV/0!,#DIV/0!
GGGGTCGAGACGTGTCATGCGGGTTGTTGC,30,20,2,0.23,38,1,0,,,,,,,,,,,,,,,,,,,,,,,,,,,,,,,,,,,,,,#DIV/0!,#DIV/0!,#DIV/0!,#DIV/0!,#DIV/0!
GATGGCATGAAGTGCGAATGCGCGCTTTGG,30,20,2,0.23,39,1,0,,,,,,,,,,,,,,,,,,,,,,,,,,,,,,,,,,,,,,#DIV/0!,#DIV/0!,#DIV/0!,#DIV/0!,#DIV/0!
TACCCCGGATGGCGGTGGGCACGTCTCAG,29,20,2,0.23,40,1,0,,,,,,,,,,,,,,,,,,,,,,,,,,,,,,,,,,,,,,#DIV/0!,#DIV/0!,#DIV/0!,#DIV/0!,#DIV/0!
GTAGTGTTGGAGGGACGTGTAGACGGCGTA,30,20,2,0.23,41,1,0,,,,,,,,,,,,,,,,,,,,,,,,,,,,,,,,,,,,,,#DIV/0!,#DIV/0!,#DIV/0!,#DIV/0!,#DIV/0!
GCTAGTGCGTTGCGCGCGGGCGGTGGCGGA,30,20,2,0.23,42,1,0,,,,,,,,,,,,,,,,,,,,,,,,,,,,,,,,,,,,,,#DIV/0!,#DIV/0!,#DIV/0!,#DIV/0!,#DIV/0!
CACCCCGGTTTTAGAGGGTGCGTCTTCACT,30,20,2,0.23,43,1,0,,,,,,,,,,,,,,,,,,,,,,,,,,,,,,,,,,,,,,#DIV/0!,#DIV/0!,#DIV/0!,#DIV/0!,#DIV/0!
GGAGCCGCCCGCGATGAGGGCAGGGGCCGT,30,20,2,0.23,44,1,0,,,,,,,,,,,,,,,,,,,,,,,,,,,,,,,,,,,,,,#DIV/0!,#DIV/0!,#DIV/0!,#DIV/0!,#DIV/0!
AGTCGTTTGTCGAAGGGCCTCGTAGAGAGT,30,20,2,0.23,45,1,0,,,,,,,,,,,,,,,,,,,,,,,,,,,,,,,,,,,,,,#DIV/0!,#DIV/0!,#DIV/0!,#DIV/0!,#DIV/0!
GGCTTGCTGCGGGAAAAGCAGGCTGCGTAA,30,20,2,0.23,46,1,0,,,,,,,,,,,,,,,,,,,,,,,,,,,,,,,,,,,,,,#DIV/0!,#DIV/0!,#DIV/0!,#DIV/0!,#DIV/0!
AACGGGTCGGTGCTTCCGTGCCCGGACGGT,30,20,2,0.23,47,1,0,,,,,,,,,,,,,,,,,,,,,,,,,,,,,,,,,,,,,,#DIV/0!,#DIV/0!,#DIV/0!,#DIV/0!,#DIV/0!
GGGCGTCTCTGCCCGTTGGCCTTGAGGACC,30,20,2,0.23,48,1,0,,,,,,,,,,,,,,,,,,,,,,,,,,,,,,,,,,,,,,#DIV/0!,#DIV/0!,#DIV/0!,#DIV/0!,#DIV/0!
CCGTAGGGAGCGGGGCGCGCCGTACGATGG,30,20,2,0.23,49,1,0,,,,,,,,,,,,,,,,,,,,,,,,,,,,,,,,,,,,,,#DIV/0!,#DIV/0!,#DIV/0!,#DIV/0!,#DIV/0!
AGTGCAAGTGCCGTCTGACGCACTTCCGCA,30,20,2,0.23,50,1,0,,,,,,,,,,,,,,,,,,,,,,,,,,,,,,,,,,,,,,#DIV/0!,#DIV/0!,#DIV/0!,#DIV/0!,#DIV/0!
GTCTGAGGGTCGCGTTCATGTCGAGCTGTC,30,20,2,0.23,51,1,0,,,,,,,,,,,,,,,,,,,,,,,,,,,,,,,,,,,,,,#DIV/0!,#DIV/0!,#DIV/0!,#DIV/0!,#DIV/0!
GAGCGACCGGGTCGGAGCGGATTGTTGTGA,30,20,2,0.23,52,1,0,,,,,,,,,,,,,,,,,,,,,,,,,,,,,,,,,,,,,,#DIV/0!,#DIV/0!,#DIV/0!,#DIV/0!,#DIV/0!
GCATCTATAGGCTTGCGGTAATGCTTTCCG,30,20,2,0.23,53,1,0,,,,,,,,,,,,,,,,,,,,,,,,,,,,,,,,,,,,,,#DIV/0!,#DIV/0!,#DIV/0!,#DIV/0!,#DIV/0!
AGTCGGAGTGGGCGGGAGCACAGACCATGT,30,20,2,0.23,54,1,0,,,,,,,,,,,,,,,,,,,,,,,,,,,,,,,,,,,,,,#DIV/0!,#DIV/0!,#DIV/0!,#DIV/0!,#DIV/0!
CTCAGAACGCAGCGGGCGTACGGGGGCTGC,30,20,2,0.23,55,1,0,,,,,,,,,,,,,,,,,,,,,,,,,,,,,,,,,,,,,,#DIV/0!,#DIV/0!,#DIV/0!,#DIV/0!,#DIV/0!
GGGGCAGGGTTGTGCCCAAGCGGATTCTGG,30,20,2,0.23,56,1,0,,,,,,,,,,,,,,,,,,,,,,,,,,,,,,,,,,,,,,#DIV/0!,#DIV/0!,#DIV/0!,#DIV/0!,#DIV/0!
ATGCCTTCGCATGAACTCCAGGTCCGGTGG,30,20,2,0.23,58,1,0,,,,,,,,,,,,,,,,,,,,,,,,,,,,,,,,,,,,,,#DIV/0!,#DIV/0!,#DIV/0!,#DIV/0!,#DIV/0!
GGTTGCAGTAGAAGCCGCGTCGCTATTTGC,30,20,2,0.23,59,1,0,,,,,,,,,,,,,,,,,,,,,,,,,,,,,,,,,,,,,,#DIV/0!,#DIV/0!,#DIV/0!,#DIV/0!,#DIV/0!
GCACGGTGGGGGAGACGTTGGTGCGCATGT,30,20,2,0.23,60,1,0,,,,,,,,,,,,,,,,,,,,,,,,,,,,,,,,,,,,,,#DIV/0!,#DIV/0!,#DIV/0!,#DIV/0!,#DIV/0!
AGCGCATGGTGTCGCAGCAAGTTGTCGGTG,30,20,2,0.23,61,1,0,,,,,,,,,,,,,,,,,,,,,,,,,,,,,,,,,,,,,,#DIV/0!,#DIV/0!,#DIV/0!,#DIV/0!,#DIV/0!
TGGCTTCACTCTTCGTGGGTGTAGTTTCAA,30,20,2,0.23,62,1,0,,,,,,,,,,,,,,,,,,,,,,,,,,,,,,,,,,,,,,#DIV/0!,#DIV/0!,#DIV/0!,#DIV/0!,#DIV/0!
CGTTGTGCCGGGGACGGGTTCGGAGGGGGA,30,20,2,0.23,63,1,0,,,,,,,,,,,,,,,,,,,,,,,,,,,,,,,,,,,,,,#DIV/0!,#DIV/0!,#DIV/0!,#DIV/0!,#DIV/0!
AACGGACACGCGTGGGCGAAACGCTTTGGG,30,20,2,0.23,64,1,0,,,,,,,,,,,,,,,,,,,,,,,,,,,,,,,,,,,,,,#DIV/0!,#DIV/0!,#DIV/0!,#DIV/0!,#DIV/0!
ATACACCTAGCTCTGAAGGTCATGCAGGGA,30,20,2,0.23,65,1,0,,,,,,,,,,,,,,,,,,,,,,,,,,,,,,,,,,,,,,#DIV/0!,#DIV/0!,#DIV/0!,#DIV/0!,#DIV/0!
CTCACGCAAGGCCTGCTGTGCAGCGCAGG,29,20,2,0.23,66,1,0,,,,,,,,,,,,,,,,,,,,,,,,,,,,,,,,,,,,,,#DIV/0!,#DIV/0!,#DIV/0!,#DIV/0!,#DIV/0!
CGCATTGCTATAGCGATGTGAAGATGCGTT,30,20,2,0.23,67,1,0,,,,,,,,,,,,,,,,,,,,,,,,,,,,,,,,,,,,,,#DIV/0!,#DIV/0!,#DIV/0!,#DIV/0!,#DIV/0!
CGGAAGGTACCTGTGGATGGGGTTCTGACG,30,20,2,0.23,68,1,0,,,,,,,,,,,,,,,,,,,,,,,,,,,,,,,,,,,,,,#DIV/0!,#DIV/0!,#DIV/0!,#DIV/0!,#DIV/0!
ACCGCAAGTGTTTTAGCTTCGTGGGCGCT,29,20,2,0.23,69,1,0,,,,,,,,,,,,,,,,,,,,,,,,,,,,,,,,,,,,,,#DIV/0!,#DIV/0!,#DIV/0!,#DIV/0!,#DIV/0!
GTCAGGGTGGTACGATAGCCCGGCAACGCA,30,20,2,0.23,70,1,0,,,,,,,,,,,,,,,,,,,,,,,,,,,,,,,,,,,,,,#DIV/0!,#DIV/0!,#DIV/0!,#DIV/0!,#DIV/0!
AACGTGTTCGCCTGGGCACCTCAGGGACCA,30,20,2,0.23,71,1,0,,,,,,,,,,,,,,,,,,,,,,,,,,,,,,,,,,,,,,#DIV/0!,#DIV/0!,#DIV/0!,#DIV/0!,#DIV/0!
TGTGCCGCTTGGGGCCCGGGGGGAGGCGCG,30,20,2,0.23,72,1,0,,,,,,,,,,,,,,,,,,,,,,,,,,,,,,,,,,,,,,#DIV/0!,#DIV/0!,#DIV/0!,#DIV/0!,#DIV/0!
TGTGCTTGTTGGCTAGTGGTTTAGTTTGTA,30,20,2,0.23,73,1,0,,,,,,,,,,,,,,,,,,,,,,,,,,,,,,,,,,,,,,#DIV/0!,#DIV/0!,#DIV/0!,#DIV/0!,#DIV/0!
GGATGTGCTCGGCTCCCGGGTCGGCGGGTG,30,20,2,0.23,74,1,0,,,,,,,,,,,,,,,,,,,,,,,,,,,,,,,,,,,,,,#DIV/0!,#DIV/0!,#DIV/0!,#DIV/0!,#DIV/0!
TGACTGCTTGTAAAGTCTCGTCTGGCTGTT,30,20,2,0.23,75,1,0,,,,,,,,,,,,,,,,,,,,,,,,,,,,,,,,,,,,,,#DIV/0!,#DIV/0!,#DIV/0!,#DIV/0!,#DIV/0!
CCCAGGTGCCGGGGGCGCCGGGTCAGGCG,29,20,2,0.23,76,1,0,,,,,,,,,,,,,,,,,,,,,,,,,,,,,,,,,,,,,,#DIV/0!,#DIV/0!,#DIV/0!,#DIV/0!,#DIV/0!
CGCGCAACGTGGTGGCGAGTACTGTGGCTC,30,20,2,0.23,77,1,0,,,,,,,,,,,,,,,,,,,,,,,,,,,,,,,,,,,,,,#DIV/0!,#DIV/0!,#DIV/0!,#DIV/0!,#DIV/0!
GTGCGAGGTGCCGTATAAGGGGTGAGTCG,29,20,2,0.23,78,1,0,,,,,,,,,,,,,,,,,,,,,,,,,,,,,,,,,,,,,,#DIV/0!,#DIV/0!,#DIV/0!,#DIV/0!,#DIV/0!
AGGCCGTATGGCGGAGAGATTGGCGAGCCT,30,20,2,0.23,79,1,0,,,,,,,,,,,,,,,,,,,,,,,,,,,,,,,,,,,,,,#DIV/0!,#DIV/0!,#DIV/0!,#DIV/0!,#DIV/0!
GGTGGAAGCGGGGAACATGTGGTTCCAGC,29,20,2,0.23,80,1,0,,,,,,,,,,,,,,,,,,,,,,,,,,,,,,,,,,,,,,#DIV/0!,#DIV/0!,#DIV/0!,#DIV/0!,#DIV/0!
CCACCGGGCGGCCGTGCCGTGCGTGGACAC,30,20,2,0.23,81,1,0,,,,,,,,,,,,,,,,,,,,,,,,,,,,,,,,,,,,,,#DIV/0!,#DIV/0!,#DIV/0!,#DIV/0!,#DIV/0!
CCTGGGCTGGATCCTGTCTGGGTTAGGGCT,30,20,2,0.23,82,1,0,,,,,,,,,,,,,,,,,,,,,,,,,,,,,,,,,,,,,,#DIV/0!,#DIV/0!,#DIV/0!,#DIV/0!,#DIV/0!
CAAACCGAGAGCGTTCGGAAACGGCGGATT,30,20,2,0.23,83,1,0,,,,,,,,,,,,,,,,,,,,,,,,,,,,,,,,,,,,,,#DIV/0!,#DIV/0!,#DIV/0!,#DIV/0!,#DIV/0!
GGCACGGGCTTTGTTCCCCGGTTGGTCTGA,30,20,2,0.23,84,1,0,,,,,,,,,,,,,,,,,,,,,,,,,,,,,,,,,,,,,,#DIV/0!,#DIV/0!,#DIV/0!,#DIV/0!,#DIV/0!
CGTGTGTATCGGGGTGGAGGCGCGCACGTC,30,20,2,0.23,85,1,0,,,,,,,,,,,,,,,,,,,,,,,,,,,,,,,,,,,,,,#DIV/0!,#DIV/0!,#DIV/0!,#DIV/0!,#DIV/0!
CGTGCCTATAGTATTGCGGAGGTGTACGTC,30,20,2,0.23,86,1,0,,,,,,,,,,,,,,,,,,,,,,,,,,,,,,,,,,,,,,#DIV/0!,#DIV/0!,#DIV/0!,#DIV/0!,#DIV/0!
CTGCTAAGTGACCGAGAAGTGGGCTCCGGT,30,20,2,0.23,87,1,0,,,,,,,,,,,,,,,,,,,,,,,,,,,,,,,,,,,,,,#DIV/0!,#DIV/0!,#DIV/0!,#DIV/0!,#DIV/0!
GACCTGGACTCACGTAGTTTGAGTCTAGTC,30,20,2,0.23,88,1,0,,,,,,,,,,,,,,,,,,,,,,,,,,,,,,,,,,,,,,#DIV/0!,#DIV/0!,#DIV/0!,#DIV/0!,#DIV/0!
GAGCCGTAGAATCGGCGACGTCGGGAGAC,29,20,2,0.23,89,1,0,,,,,,,,,,,,,,,,,,,,,,,,,,,,,,,,,,,,,,#DIV/0!,#DIV/0!,#DIV/0!,#DIV/0!,#DIV/0!
GACCGTCTGCGCAGTGCGGCGATGTTACGC,30,20,2,0.23,90,1,0,,,,,,,,,,,,,,,,,,,,,,,,,,,,,,,,,,,,,,#DIV/0!,#DIV/0!,#DIV/0!,#DIV/0!,#DIV/0!
ATCGTGACTGTAGTGGAGGATTTCTGCGCT,30,20,2,0.23,91,1,0,,,,,,,,,,,,,,,,,,,,,,,,,,,,,,,,,,,,,,#DIV/0!,#DIV/0!,#DIV/0!,#DIV/0!,#DIV/0!
ACGGGTCTTCATGGCGGTGAAGGGCCGGCG,30,20,2,0.23,92,1,0,,,,,,,,,,,,,,,,,,,,,,,,,,,,,,,,,,,,,,#DIV/0!,#DIV/0!,#DIV/0!,#DIV/0!,#DIV/0!
GGGAGGTAACCCCGGGGGGTTTGCTGTAGG,30,20,2,0.23,93,1,0,,,,,,,,,,,,,,,,,,,,,,,,,,,,,,,,,,,,,,#DIV/0!,#DIV/0!,#DIV/0!,#DIV/0!,#DIV/0!
GTCACTCAACGCTATCTTGGGGTCTATGAC,30,20,2,0.23,94,1,0,,,,,,,,,,,,,,,,,,,,,,,,,,,,,,,,,,,,,,#DIV/0!,#DIV/0!,#DIV/0!,#DIV/0!,#DIV/0!
CGTGCGCGAAGGCGTGCCGATACAGGGTTC,30,20,2,0.23,95,1,0,,,,,,,,,,,,,,,,,,,,,,,,,,,,,,,,,,,,,,#DIV/0!,#DIV/0!,#DIV/0!,#DIV/0!,#DIV/0!
ACGGTGTGTTCGATTTTTGAACGATCGTTA,30,20,2,0.23,96,1,0,,,,,,,,,,,,,,,,,,,,,,,,,,,,,,,,,,,,,,#DIV/0!,#DIV/0!,#DIV/0!,#DIV/0!,#DIV/0!
CACTTGTCGCGGTCAGTGGAGTGGTGCCGA,30,20,2,0.23,97,1,0,,,,,,,,,,,,,,,,,,,,,,,,,,,,,,,,,,,,,,#DIV/0!,#DIV/0!,#DIV/0!,#DIV/0!,#DIV/0!
GACACGCAATGCCAGAGCTGGTGGCACTCA,30,20,2,0.23,98,1,0,,,,,,,,,,,,,,,,,,,,,,,,,,,,,,,,,,,,,,#DIV/0!,#DIV/0!,#DIV/0!,#DIV/0!,#DIV/0!
TCAGGGTCGTAGTCGATCGGTGGTCACTTT,30,20,2,0.23,99,1,0,,,,,,,,,,,,,,,,,,,,,,,,,,,,,,,,,,,,,,#DIV/0!,#DIV/0!,#DIV/0!,#DIV/0!,#DIV/0!
CCTGGCTACGTTTGGGCTAGGTCCAGGACC,30,20,2,0.23,100,1,0,,,,,,,,,,,,,,,,,,,,,,,,,,,,,,,,,,,,,,#DIV/0!,#DIV/0!,#DIV/0!,#DIV/0!,#DIV/0!
AGCAAGCTGGTGCAATTGAGATGTGCGTCT,30,20,2,0.23,101,1,0,,,,,,,,,,,,,,,,,,,,,,,,,,,,,,,,,,,,,,#DIV/0!,#DIV/0!,#DIV/0!,#DIV/0!,#DIV/0!
CCGGTGAAGTTGCCTCCGCCACCGGAGGTA,30,20,2,0.23,102,1,0,,,,,,,,,,,,,,,,,,,,,,,,,,,,,,,,,,,,,,#DIV/0!,#DIV/0!,#DIV/0!,#DIV/0!,#DIV/0!
ACCACGTTGGCGCGACATACGTGGGGCTTT,30,20,2,0.23,103,1,0,,,,,,,,,,,,,,,,,,,,,,,,,,,,,,,,,,,,,,#DIV/0!,#DIV/0!,#DIV/0!,#DIV/0!,#DIV/0!
GGTATGTAGACGGGGTCCTGGATGGCATGG,30,20,2,0.23,104,1,0,,,,,,,,,,,,,,,,,,,,,,,,,,,,,,,,,,,,,,#DIV/0!,#DIV/0!,#DIV/0!,#DIV/0!,#DIV/0!
GGGCAGAGGACGCGTGTTGGGCGCGTTCCA,30,20,2,0.23,105,1,0,,,,,,,,,,,,,,,,,,,,,,,,,,,,,,,,,,,,,,#DIV/0!,#DIV/0!,#DIV/0!,#DIV/0!,#DIV/0!
TGGCAGACGCGCCACACGGACGCGATGACA,30,20,2,0.23,106,1,0,,,,,,,,,,,,,,,,,,,,,,,,,,,,,,,,,,,,,,#DIV/0!,#DIV/0!,#DIV/0!,#DIV/0!,#DIV/0!
TCGTCGATGTCTGGCGCTAGGAGGCATGCC,30,20,2,0.23,107,1,0,,,,,,,,,,,,,,,,,,,,,,,,,,,,,,,,,,,,,,#DIV/0!,#DIV/0!,#DIV/0!,#DIV/0!,#DIV/0!
CCATGTGTAGCCGTTAGTCTCCGGGTCGCT,30,20,2,0.23,108,1,0,,,,,,,,,,,,,,,,,,,,,,,,,,,,,,,,,,,,,,#DIV/0!,#DIV/0!,#DIV/0!,#DIV/0!,#DIV/0!
ATGGTCTGGGAGCAGCATTGGCTGTTGACA,30,20,2,0.23,109,1,0,,,,,,,,,,,,,,,,,,,,,,,,,,,,,,,,,,,,,,#DIV/0!,#DIV/0!,#DIV/0!,#DIV/0!,#DIV/0!
ACGAGCGGGGGTGAAAGAGTGCCGCGATGG,30,20,2,0.23,110,1,0,,,,,,,,,,,,,,,,,,,,,,,,,,,,,,,,,,,,,,#DIV/0!,#DIV/0!,#DIV/0!,#DIV/0!,#DIV/0!
ACCGCGCGGTTGCGGTGAGAGAGGCGGAGG,30,20,2,0.23,111,1,0,,,,,,,,,,,,,,,,,,,,,,,,,,,,,,,,,,,,,,#DIV/0!,#DIV/0!,#DIV/0!,#DIV/0!,#DIV/0!
CGCCCGGGGGGTATGTTGCCGAGGCGCATA,30,20,2,0.23,112,1,0,,,,,,,,,,,,,,,,,,,,,,,,,,,,,,,,,,,,,,#DIV/0!,#DIV/0!,#DIV/0!,#DIV/0!,#DIV/0!
ACCCGAGCCGGCTGGCTGGCATCGGGTTCC,30,20,2,0.23,113,1,0,,,,,,,,,,,,,,,,,,,,,,,,,,,,,,,,,,,,,,#DIV/0!,#DIV/0!,#DIV/0!,#DIV/0!,#DIV/0!
CCAAAGAGTCGCGGGACGATCGGCGTATGG,30,20,2,0.23,114,1,0,,,,,,,,,,,,,,,,,,,,,,,,,,,,,,,,,,,,,,#DIV/0!,#DIV/0!,#DIV/0!,#DIV/0!,#DIV/0!
GGACACCGCGTGTCGGTGGCGTTCCGACGG,30,20,2,0.23,115,1,0,,,,,,,,,,,,,,,,,,,,,,,,,,,,,,,,,,,,,,#DIV/0!,#DIV/0!,#DIV/0!,#DIV/0!,#DIV/0!
GAGCGTGTCCTGGGAGGACCGCGTTGGTAG,30,20,2,0.23,116,1,0,,,,,,,,,,,,,,,,,,,,,,,,,,,,,,,,,,,,,,#DIV/0!,#DIV/0!,#DIV/0!,#DIV/0!,#DIV/0!
TATGCACAGTGTAACGAGTGCGGCGTAATT,30,20,2,0.23,117,1,0,,,,,,,,,,,,,,,,,,,,,,,,,,,,,,,,,,,,,,#DIV/0!,#DIV/0!,#DIV/0!,#DIV/0!,#DIV/0!
ATGGCTCTGCAAGCTGTGTCAGGGGGCTCA,30,20,2,0.23,118,1,0,,,,,,,,,,,,,,,,,,,,,,,,,,,,,,,,,,,,,,#DIV/0!,#DIV/0!,#DIV/0!,#DIV/0!,#DIV/0!
GCATGGGCTGGTTGGTCTAGCTTTGTATCA,30,20,2,0.23,119,1,0,,,,,,,,,,,,,,,,,,,,,,,,,,,,,,,,,,,,,,#DIV/0!,#DIV/0!,#DIV/0!,#DIV/0!,#DIV/0!
CCCCAAGGAGTATGCAGGATGTCTTCAGTA,30,20,2,0.23,120,1,0,,,,,,,,,,,,,,,,,,,,,,,,,,,,,,,,,,,,,,#DIV/0!,#DIV/0!,#DIV/0!,#DIV/0!,#DIV/0!
TCAACGGACTGTATGCATGGCTGTTGCGCA,30,20,2,0.23,121,1,0,,,,,,,,,,,,,,,,,,,,,,,,,,,,,,,,,,,,,,#DIV/0!,#DIV/0!,#DIV/0!,#DIV/0!,#DIV/0!
CCGGACAGCAAGGGAGTGCTAGTCTGGTGC,30,20,2,0.23,122,1,0,,,,,,,,,,,,,,,,,,,,,,,,,,,,,,,,,,,,,,#DIV/0!,#DIV/0!,#DIV/0!,#DIV/0!,#DIV/0!
CCCGAAGTTGGGTTGCGTGTGTGCCTTGGC,30,20,2,0.23,123,1,0,,,,,,,,,,,,,,,,,,,,,,,,,,,,,,,,,,,,,,#DIV/0!,#DIV/0!,#DIV/0!,#DIV/0!,#DIV/0!
AGCATGAAGGTTTGCTTGCCGGTGTCGCGC,30,20,2,0.23,124,1,0,,,,,,,,,,,,,,,,,,,,,,,,,,,,,,,,,,,,,,#DIV/0!,#DIV/0!,#DIV/0!,#DIV/0!,#DIV/0!
CGACACCGTCGGGGGCGGCCTAATAGGGAT,30,20,2,0.23,125,1,0,,,,,,,,,,,,,,,,,,,,,,,,,,,,,,,,,,,,,,#DIV/0!,#DIV/0!,#DIV/0!,#DIV/0!,#DIV/0!
ATGTAGGTGTAACCGTAGTCCGCTCACAGC,30,20,2,0.23,126,1,0,,,,,,,,,,,,,,,,,,,,,,,,,,,,,,,,,,,,,,#DIV/0!,#DIV/0!,#DIV/0!,#DIV/0!,#DIV/0!
AGAGAGGTCAAGTGACATCTCGTCGTTTTG,30,20,2,0.23,127,1,0,,,,,,,,,,,,,,,,,,,,,,,,,,,,,,,,,,,,,,#DIV/0!,#DIV/0!,#DIV/0!,#DIV/0!,#DIV/0!
GATGGTCCTTATTGAAGGATGGCTGTTTGT,30,20,2,0.23,128,1,0,,,,,,,,,,,,,,,,,,,,,,,,,,,,,,,,,,,,,,#DIV/0!,#DIV/0!,#DIV/0!,#DIV/0!,#DIV/0!
TGTCCCAGACGGCACTGTGCCGGGGGCATC,30,20,2,0.23,129,1,0,,,,,,,,,,,,,,,,,,,,,,,,,,,,,,,,,,,,,,#DIV/0!,#DIV/0!,#DIV/0!,#DIV/0!,#DIV/0!
GCCGTGCACTGAGGTTGCGGGATCGAGCT,29,20,2,0.23,130,1,0,,,,,,,,,,,,,,,,,,,,,,,,,,,,,,,,,,,,,,#DIV/0!,#DIV/0!,#DIV/0!,#DIV/0!,#DIV/0!
GCCTGGTTAGGCGGTGTCGAAGGAGAGCGA,30,20,2,0.23,131,1,0,,,,,,,,,,,,,,,,,,,,,,,,,,,,,,,,,,,,,,#DIV/0!,#DIV/0!,#DIV/0!,#DIV/0!,#DIV/0!
AGGGGTTCACGGCCGCAGGCAGAGTGAGTG,30,20,2,0.23,132,1,0,,,,,,,,,,,,,,,,,,,,,,,,,,,,,,,,,,,,,,#DIV/0!,#DIV/0!,#DIV/0!,#DIV/0!,#DIV/0!
GCGCGTCGGTGCTTGTTGCTGATGCACGAG,30,20,2,0.23,133,1,0,,,,,,,,,,,,,,,,,,,,,,,,,,,,,,,,,,,,,,#DIV/0!,#DIV/0!,#DIV/0!,#DIV/0!,#DIV/0!
GGCCGTGTGCGGGGTATCGCGCGTTGTGTG,30,20,2,0.23,134,1,0,,,,,,,,,,,,,,,,,,,,,,,,,,,,,,,,,,,,,,#DIV/0!,#DIV/0!,#DIV/0!,#DIV/0!,#DIV/0!
GGGCCCAGCTGCGAGGGGCACTCAATTACT,30,20,2,0.23,135,1,0,,,,,,,,,,,,,,,,,,,,,,,,,,,,,,,,,,,,,,#DIV/0!,#DIV/0!,#DIV/0!,#DIV/0!,#DIV/0!
CCGGAGGCAGCCAATGCGGATGCCGTAGGG,30,20,2,0.23,136,1,0,,,,,,,,,,,,,,,,,,,,,,,,,,,,,,,,,,,,,,#DIV/0!,#DIV/0!,#DIV/0!,#DIV/0!,#DIV/0!
GACTTGTGGTTTTGGAGCATAATGTGTACA,30,20,2,0.23,137,1,0,,,,,,,,,,,,,,,,,,,,,,,,,,,,,,,,,,,,,,#DIV/0!,#DIV/0!,#DIV/0!,#DIV/0!,#DIV/0!
CTAGTTAGCTGACTACCATGGCGGTGGTTG,30,20,2,0.23,138,1,0,,,,,,,,,,,,,,,,,,,,,,,,,,,,,,,,,,,,,,#DIV/0!,#DIV/0!,#DIV/0!,#DIV/0!,#DIV/0!
CCCCTAGGCTGGGGGTGGGGAAGTGTCTCC,30,20,2,0.23,139,1,0,,,,,,,,,,,,,,,,,,,,,,,,,,,,,,,,,,,,,,#DIV/0!,#DIV/0!,#DIV/0!,#DIV/0!,#DIV/0!
CTGTTTTTGCGATGGCACTGAGCGGGTTGG,30,20,2,0.23,140,1,0,,,,,,,,,,,,,,,,,,,,,,,,,,,,,,,,,,,,,,#DIV/0!,#DIV/0!,#DIV/0!,#DIV/0!,#DIV/0!
GGCACCGTAGGGCCGCGTTGTCGGTCGTCC,30,20,2,0.23,141,1,0,,,,,,,,,,,,,,,,,,,,,,,,,,,,,,,,,,,,,,#DIV/0!,#DIV/0!,#DIV/0!,#DIV/0!,#DIV/0!
TGTGGGGCATTAGCGTGCTGCGCCCACACC,30,20,2,0.23,142,1,0,,,,,,,,,,,,,,,,,,,,,,,,,,,,,,,,,,,,,,#DIV/0!,#DIV/0!,#DIV/0!,#DIV/0!,#DIV/0!
GAACATACGGCTCACGGAGGGAGACGCACT,30,20,2,0.23,143,1,0,,,,,,,,,,,,,,,,,,,,,,,,,,,,,,,,,,,,,,#DIV/0!,#DIV/0!,#DIV/0!,#DIV/0!,#DIV/0!
GTGCATCGGGTTTTGGTCGGGACCTAGTCG,30,20,2,0.23,144,1,0,,,,,,,,,,,,,,,,,,,,,,,,,,,,,,,,,,,,,,#DIV/0!,#DIV/0!,#DIV/0!,#DIV/0!,#DIV/0!
GACCTCCATGCAGGTAAGCGTGCTTACCTA,30,20,2,0.23,145,1,0,,,,,,,,,,,,,,,,,,,,,,,,,,,,,,,,,,,,,,#DIV/0!,#DIV/0!,#DIV/0!,#DIV/0!,#DIV/0!
ACATACCATTAATGCGTCCTGCTGGGATAG,30,20,2,0.23,146,1,0,,,,,,,,,,,,,,,,,,,,,,,,,,,,,,,,,,,,,,#DIV/0!,#DIV/0!,#DIV/0!,#DIV/0!,#DIV/0!
CGCAGAGGGTGGGCGATGCGTAGGGCTTGG,30,20,2,0.23,147,1,0,,,,,,,,,,,,,,,,,,,,,,,,,,,,,,,,,,,,,,#DIV/0!,#DIV/0!,#DIV/0!,#DIV/0!,#DIV/0!
AACGTGACCGGGCGCGGAGAAGCCTCGGTC,30,20,2,0.23,148,1,0,,,,,,,,,,,,,,,,,,,,,,,,,,,,,,,,,,,,,,#DIV/0!,#DIV/0!,#DIV/0!,#DIV/0!,#DIV/0!
GGGGCGACCGAGCCCGCGGGTGGGTTGACC,30,20,2,0.23,149,1,0,,,,,,,,,,,,,,,,,,,,,,,,,,,,,,,,,,,,,,#DIV/0!,#DIV/0!,#DIV/0!,#DIV/0!,#DIV/0!
GTTGTTGAAACGGCCGGTACGTTGAGTGCT,30,20,2,0.23,150,1,0,,,,,,,,,,,,,,,,,,,,,,,,,,,,,,,,,,,,,,#DIV/0!,#DIV/0!,#DIV/0!,#DIV/0!,#DIV/0!
CGTGTGTCGTTGGAGCCGGAGGGGGCTTAA,30,20,2,0.23,151,1,0,,,,,,,,,,,,,,,,,,,,,,,,,,,,,,,,,,,,,,#DIV/0!,#DIV/0!,#DIV/0!,#DIV/0!,#DIV/0!
CCGTGGCTTGGCAACGGAGCCATGGCTAAT,30,20,2,0.23,152,1,0,,,,,,,,,,,,,,,,,,,,,,,,,,,,,,,,,,,,,,#DIV/0!,#DIV/0!,#DIV/0!,#DIV/0!,#DIV/0!
CTTGACTAGAGTGGTGGGCGAGCCGACTCG,30,20,2,0.23,153,1,0,,,,,,,,,,,,,,,,,,,,,,,,,,,,,,,,,,,,,,#DIV/0!,#DIV/0!,#DIV/0!,#DIV/0!,#DIV/0!
GCAACGGCCGGACTATGGACGAGCGTGCCA,30,20,2,0.23,154,1,0,,,,,,,,,,,,,,,,,,,,,,,,,,,,,,,,,,,,,,#DIV/0!,#DIV/0!,#DIV/0!,#DIV/0!,#DIV/0!
GTCGAGGGTCGATCGGTAGGACGCTCCCGC,30,20,2,0.23,155,1,0,,,,,,,,,,,,,,,,,,,,,,,,,,,,,,,,,,,,,,#DIV/0!,#DIV/0!,#DIV/0!,#DIV/0!,#DIV/0!
CAGGACGACGCTCGTCTGCGTGCCACGATG,30,20,2,0.23,156,1,0,,,,,,,,,,,,,,,,,,,,,,,,,,,,,,,,,,,,,,#DIV/0!,#DIV/0!,#DIV/0!,#DIV/0!,#DIV/0!
AATCCCCACAGTGCACGTCGCTGTAAAGTA,30,20,2,0.23,157,1,0,,,,,,,,,,,,,,,,,,,,,,,,,,,,,,,,,,,,,,#DIV/0!,#DIV/0!,#DIV/0!,#DIV/0!,#DIV/0!
GCGATGCGGATACCGGCGAGGTGTCGCCCG,30,20,2,0.23,158,1,0,,,,,,,,,,,,,,,,,,,,,,,,,,,,,,,,,,,,,,#DIV/0!,#DIV/0!,#DIV/0!,#DIV/0!,#DIV/0!
GTTCATCGCGTTCAGGGGTGTAGGTGGAT,29,20,2,0.23,159,1,0,,,,,,,,,,,,,,,,,,,,,,,,,,,,,,,,,,,,,,#DIV/0!,#DIV/0!,#DIV/0!,#DIV/0!,#DIV/0!
CTGGCGTGAATTTCGGTGTTTGACGCCAGT,30,20,2,0.23,160,1,0,,,,,,,,,,,,,,,,,,,,,,,,,,,,,,,,,,,,,,#DIV/0!,#DIV/0!,#DIV/0!,#DIV/0!,#DIV/0!
CCGGCGCTATTCATGGGGACGGCTGGCCGT,30,20,2,0.23,161,1,0,,,,,,,,,,,,,,,,,,,,,,,,,,,,,,,,,,,,,,#DIV/0!,#DIV/0!,#DIV/0!,#DIV/0!,#DIV/0!
GATGGGCACTTGCCGGGCCCTACAGCATCG,30,20,2,0.23,162,1,0,,,,,,,,,,,,,,,,,,,,,,,,,,,,,,,,,,,,,,#DIV/0!,#DIV/0!,#DIV/0!,#DIV/0!,#DIV/0!
GAAGGTGCCAGGACAGCACACCGCTCAG,28,20,2,0.23,163,1,0,,,,,,,,,,,,,,,,,,,,,,,,,,,,,,,,,,,,,,#DIV/0!,#DIV/0!,#DIV/0!,#DIV/0!,#DIV/0!
TGGAGTCTCTCTGTGCGGATGGAGCTCCGT,30,20,2,0.23,164,1,0,,,,,,,,,,,,,,,,,,,,,,,,,,,,,,,,,,,,,,#DIV/0!,#DIV/0!,#DIV/0!,#DIV/0!,#DIV/0!
TAGGGCAGCAACGCGGTGGGAGGTGCACTC,30,20,2,0.23,165,1,0,,,,,,,,,,,,,,,,,,,,,,,,,,,,,,,,,,,,,,#DIV/0!,#DIV/0!,#DIV/0!,#DIV/0!,#DIV/0!
ACGGTTGGAGCAGCCGGATGTTGAGGGCG,29,20,2,0.23,166,1,0,,,,,,,,,,,,,,,,,,,,,,,,,,,,,,,,,,,,,,#DIV/0!,#DIV/0!,#DIV/0!,#DIV/0!,#DIV/0!
AGTGACCCAGTGTGCGCCGCCAGGTGGAA,29,20,2,0.23,167,1,0,,,,,,,,,,,,,,,,,,,,,,,,,,,,,,,,,,,,,,#DIV/0!,#DIV/0!,#DIV/0!,#DIV/0!,#DIV/0!
AGTGTTCTGCTGGCCTGGAAGGAACTGCGA,30,20,2,0.23,168,1,0,,,,,,,,,,,,,,,,,,,,,,,,,,,,,,,,,,,,,,#DIV/0!,#DIV/0!,#DIV/0!,#DIV/0!,#DIV/0!
AACGAGAAAGTTGTTTCAGCGGTGTGCTAT,30,20,2,0.23,169,1,0,,,,,,,,,,,,,,,,,,,,,,,,,,,,,,,,,,,,,,#DIV/0!,#DIV/0!,#DIV/0!,#DIV/0!,#DIV/0!
GTGGGCGTGCTTGAGGGGCTAGCAGTCCGG,30,20,2,0.23,170,1,0,,,,,,,,,,,,,,,,,,,,,,,,,,,,,,,,,,,,,,#DIV/0!,#DIV/0!,#DIV/0!,#DIV/0!,#DIV/0!
GTACGGAGGACAGCGAGTAGAGTCGGAGT,29,20,2,0.23,171,1,0,,,,,,,,,,,,,,,,,,,,,,,,,,,,,,,,,,,,,,#DIV/0!,#DIV/0!,#DIV/0!,#DIV/0!,#DIV/0!
AGTGGAAGCGGGTGACGTTATTGACGTTGG,30,20,2,0.23,172,1,0,,,,,,,,,,,,,,,,,,,,,,,,,,,,,,,,,,,,,,#DIV/0!,#DIV/0!,#DIV/0!,#DIV/0!,#DIV/0!
CATCTCGCAAAGCTTCTATATTCGGAGAAC,30,20,2,0.23,173,1,0,,,,,,,,,,,,,,,,,,,,,,,,,,,,,,,,,,,,,,#DIV/0!,#DIV/0!,#DIV/0!,#DIV/0!,#DIV/0!
TGGTGGTACTAGGACGTTGATGGAGGGGAG,30,20,2,0.23,174,1,0,,,,,,,,,,,,,,,,,,,,,,,,,,,,,,,,,,,,,,#DIV/0!,#DIV/0!,#DIV/0!,#DIV/0!,#DIV/0!
TTAGCGTGCAATGAGAATGCATCGTGGCTA,30,20,2,0.23,175,1,0,,,,,,,,,,,,,,,,,,,,,,,,,,,,,,,,,,,,,,#DIV/0!,#DIV/0!,#DIV/0!,#DIV/0!,#DIV/0!
CGGCGTTAAGTCTATTGGGCTGCACAGCC,29,20,2,0.23,176,1,0,,,,,,,,,,,,,,,,,,,,,,,,,,,,,,,,,,,,,,#DIV/0!,#DIV/0!,#DIV/0!,#DIV/0!,#DIV/0!
AGCCGCGGCGTCCTCGGTCGCTGGTCGTT,29,20,2,0.23,177,1,0,,,,,,,,,,,,,,,,,,,,,,,,,,,,,,,,,,,,,,#DIV/0!,#DIV/0!,#DIV/0!,#DIV/0!,#DIV/0!
GTGGGTGCTGGGCGAGGGGGGCCCTGCGTGA,31,20,2,0.23,178,1,0,,,,,,,,,,,,,,,,,,,,,,,,,,,,,,,,,,,,,,#DIV/0!,#DIV/0!,#DIV/0!,#DIV/0!,#DIV/0!
GAACCGACGAGGGTCGTGGATGCCGGGGCA,30,20,2,0.23,179,1,0,,,,,,,,,,,,,,,,,,,,,,,,,,,,,,,,,,,,,,#DIV/0!,#DIV/0!,#DIV/0!,#DIV/0!,#DIV/0!
ACACCACTGACCCGTTGAAGGGTGTCCTAC,30,20,2,0.23,180,1,0,,,,,,,,,,,,,,,,,,,,,,,,,,,,,,,,,,,,,,#DIV/0!,#DIV/0!,#DIV/0!,#DIV/0!,#DIV/0!
GCGATAGTAATCTTGGGTGAGACCGCGCTA,30,20,2,0.23,181,1,0,,,,,,,,,,,,,,,,,,,,,,,,,,,,,,,,,,,,,,#DIV/0!,#DIV/0!,#DIV/0!,#DIV/0!,#DIV/0!
CGGTGCCGTCAGGTGGCTATGGTGGCAGGG,30,20,2,0.23,182,1,0,,,,,,,,,,,,,,,,,,,,,,,,,,,,,,,,,,,,,,#DIV/0!,#DIV/0!,#DIV/0!,#DIV/0!,#DIV/0!
AGGATGGAGACTAAGGGTAGGCGGAGACGC,30,20,2,0.23,183,1,0,,,,,,,,,,,,,,,,,,,,,,,,,,,,,,,,,,,,,,#DIV/0!,#DIV/0!,#DIV/0!,#DIV/0!,#DIV/0!
GTCTGAGGGTGATACGAAGACGTTTGCGAT,30,20,2,0.23,184,1,0,,,,,,,,,,,,,,,,,,,,,,,,,,,,,,,,,,,,,,#DIV/0!,#DIV/0!,#DIV/0!,#DIV/0!,#DIV/0!
TCTGTGAGCCCAGGTGGGGTGCGGAAAGTA,30,20,2,0.23,185,1,0,,,,,,,,,,,,,,,,,,,,,,,,,,,,,,,,,,,,,,#DIV/0!,#DIV/0!,#DIV/0!,#DIV/0!,#DIV/0!
GCAGCGATGCTCGCGTCGCATAGTAACTTT,30,20,2,0.23,186,1,0,,,,,,,,,,,,,,,,,,,,,,,,,,,,,,,,,,,,,,#DIV/0!,#DIV/0!,#DIV/0!,#DIV/0!,#DIV/0!
GGCGGTAGTTACGGTGAATGTCCAGGCTCT,30,20,2,0.23,187,1,0,,,,,,,,,,,,,,,,,,,,,,,,,,,,,,,,,,,,,,#DIV/0!,#DIV/0!,#DIV/0!,#DIV/0!,#DIV/0!
CTGACGGCGCGGTCAGGCGGGCTGGGTCCC,30,20,2,0.23,188,1,0,,,,,,,,,,,,,,,,,,,,,,,,,,,,,,,,,,,,,,#DIV/0!,#DIV/0!,#DIV/0!,#DIV/0!,#DIV/0!
GTGTACAAGGTGCTGCCTTATGGGAAGGCC,30,20,2,0.23,189,1,0,,,,,,,,,,,,,,,,,,,,,,,,,,,,,,,,,,,,,,#DIV/0!,#DIV/0!,#DIV/0!,#DIV/0!,#DIV/0!
GTCATGCAGTCGCTTTTGCAGTGATTTGGC,30,20,2,0.23,190,1,0,,,,,,,,,,,,,,,,,,,,,,,,,,,,,,,,,,,,,,#DIV/0!,#DIV/0!,#DIV/0!,#DIV/0!,#DIV/0!
GCAGGCAGGTCTGGTCGCGCCGGCGGGGCT,30,20,2,0.23,191,1,0,,,,,,,,,,,,,,,,,,,,,,,,,,,,,,,,,,,,,,#DIV/0!,#DIV/0!,#DIV/0!,#DIV/0!,#DIV/0!
TGCGGTAGGTGTAAGCATGCGGCTACTGGT,30,20,2,0.23,193,1,0,,,,,,,,,,,,,,,,,,,,,,,,,,,,,,,,,,,,,,#DIV/0!,#DIV/0!,#DIV/0!,#DIV/0!,#DIV/0!
GCGTCGGGCCCGGCGCGGGCGGGGGGTGCG,30,20,2,0.23,194,1,0,,,,,,,,,,,,,,,,,,,,,,,,,,,,,,,,,,,,,,#DIV/0!,#DIV/0!,#DIV/0!,#DIV/0!,#DIV/0!
CGCAACTGCCGGGCCGGCGAGTAATGTCGT,30,20,2,0.23,195,1,0,,,,,,,,,,,,,,,,,,,,,,,,,,,,,,,,,,,,,,#DIV/0!,#DIV/0!,#DIV/0!,#DIV/0!,#DIV/0!
CCACACCAGCGATCGGTGGTAGTTGCTGTC,30,20,2,0.23,196,1,0,,,,,,,,,,,,,,,,,,,,,,,,,,,,,,,,,,,,,,#DIV/0!,#DIV/0!,#DIV/0!,#DIV/0!,#DIV/0!
GAGAGGGGGACCTAGGGTCGCGCCGGACTA,30,20,2,0.23,197,1,0,,,,,,,,,,,,,,,,,,,,,,,,,,,,,,,,,,,,,,#DIV/0!,#DIV/0!,#DIV/0!,#DIV/0!,#DIV/0!
AGTCCGAACGAGAACGGAGATCTCGGGAGT,30,20,2,0.23,198,1,0,,,,,,,,,,,,,,,,,,,,,,,,,,,,,,,,,,,,,,#DIV/0!,#DIV/0!,#DIV/0!,#DIV/0!,#DIV/0!
ACTGTTGGCACAAGTCACATTCCGTTGGT,29,20,2,0.23,199,1,0,,,,,,,,,,,,,,,,,,,,,,,,,,,,,,,,,,,,,,#DIV/0!,#DIV/0!,#DIV/0!,#DIV/0!,#DIV/0!
TGTGTCGGGTAGGTTGCTGGCGCCCATGC,29,20,2,0.23,200,1,0,,,,,,,,,,,,,,,,,,,,,,,,,,,,,,,,,,,,,,#DIV/0!,#DIV/0!,#DIV/0!,#DIV/0!,#DIV/0!
AAGGCATCTTAATGGGCGCTTACTTCGATA,30,20,2,0.23,201,1,0,,,,,,,,,,,,,,,,,,,,,,,,,,,,,,,,,,,,,,#DIV/0!,#DIV/0!,#DIV/0!,#DIV/0!,#DIV/0!
CGTGCTTCGAGGCTGGAGAGGCCGCAGGGA,30,20,2,0.23,202,1,0,,,,,,,,,,,,,,,,,,,,,,,,,,,,,,,,,,,,,,#DIV/0!,#DIV/0!,#DIV/0!,#DIV/0!,#DIV/0!
GCGTCATGCGGTCACTCGTGGCTCACGGGA,30,20,2,0.23,203,1,0,,,,,,,,,,,,,,,,,,,,,,,,,,,,,,,,,,,,,,#DIV/0!,#DIV/0!,#DIV/0!,#DIV/0!,#DIV/0!
GCCTAGGGGCAGGAGTACTGGGTGGGCCG,29,20,2,0.23,204,1,0,,,,,,,,,,,,,,,,,,,,,,,,,,,,,,,,,,,,,,#DIV/0!,#DIV/0!,#DIV/0!,#DIV/0!,#DIV/0!
CCGCGGCTAATCGGGAGGATTAGGCGCAC,29,20,2,0.23,205,1,0,,,,,,,,,,,,,,,,,,,,,,,,,,,,,,,,,,,,,,#DIV/0!,#DIV/0!,#DIV/0!,#DIV/0!,#DIV/0!
CAAGGACTATGCGGACGTCAGTCGGCGTTG,30,20,2,0.23,206,1,0,,,,,,,,,,,,,,,,,,,,,,,,,,,,,,,,,,,,,,#DIV/0!,#DIV/0!,#DIV/0!,#DIV/0!,#DIV/0!
GGACGACTGAGTGAGGTGGTCACGATGGAA,30,20,2,0.23,207,1,0,,,,,,,,,,,,,,,,,,,,,,,,,,,,,,,,,,,,,,#DIV/0!,#DIV/0!,#DIV/0!,#DIV/0!,#DIV/0!
GGTAGCGACCGTCTCCGCTTCGCAGTTTTC,30,20,2,0.23,208,1,0,,,,,,,,,,,,,,,,,,,,,,,,,,,,,,,,,,,,,,#DIV/0!,#DIV/0!,#DIV/0!,#DIV/0!,#DIV/0!
ACGTGGTTTCATCAGCAATGGTTTGAATGT,30,20,2,0.23,209,1,0,,,,,,,,,,,,,,,,,,,,,,,,,,,,,,,,,,,,,,#DIV/0!,#DIV/0!,#DIV/0!,#DIV/0!,#DIV/0!
GGGATTGTCGGGCGAAGAGCCGGGCGGTCT,30,20,2,0.23,210,1,0,,,,,,,,,,,,,,,,,,,,,,,,,,,,,,,,,,,,,,#DIV/0!,#DIV/0!,#DIV/0!,#DIV/0!,#DIV/0!
GGATATTGGCCTTGCATGTATGATGCGGAC,30,20,2,0.23,211,1,0,,,,,,,,,,,,,,,,,,,,,,,,,,,,,,,,,,,,,,#DIV/0!,#DIV/0!,#DIV/0!,#DIV/0!,#DIV/0!
CTACGGTCTGTAGGCCTCTGTCGGAACGAC,30,20,2,0.23,212,1,0,,,,,,,,,,,,,,,,,,,,,,,,,,,,,,,,,,,,,,#DIV/0!,#DIV/0!,#DIV/0!,#DIV/0!,#DIV/0!
GCCCGCTCACCGGGGGCGAGGGCCGGGGCA,30,20,2,0.23,213,1,0,,,,,,,,,,,,,,,,,,,,,,,,,,,,,,,,,,,,,,#DIV/0!,#DIV/0!,#DIV/0!,#DIV/0!,#DIV/0!
AAGACGAGGAACACGTGGGTACATGAGCTC,30,20,2,0.23,214,1,0,,,,,,,,,,,,,,,,,,,,,,,,,,,,,,,,,,,,,,#DIV/0!,#DIV/0!,#DIV/0!,#DIV/0!,#DIV/0!
CACCTACTATGCTGCGTGTGTTGTGGACAA,30,20,2,0.23,215,1,0,,,,,,,,,,,,,,,,,,,,,,,,,,,,,,,,,,,,,,#DIV/0!,#DIV/0!,#DIV/0!,#DIV/0!,#DIV/0!
ACCACGTATGTTGACCCATCCTCCGCGATG,30,20,2,0.23,216,1,0,,,,,,,,,,,,,,,,,,,,,,,,,,,,,,,,,,,,,,#DIV/0!,#DIV/0!,#DIV/0!,#DIV/0!,#DIV/0!
GACTGCGCGTCGGGCCGGAGCGCTGTCGCA,30,20,2,0.23,217,1,0,,,,,,,,,,,,,,,,,,,,,,,,,,,,,,,,,,,,,,#DIV/0!,#DIV/0!,#DIV/0!,#DIV/0!,#DIV/0!
GGAGGGGGCAGCACGTAGGGGCAAGCGAG,29,20,2,0.23,218,1,0,,,,,,,,,,,,,,,,,,,,,,,,,,,,,,,,,,,,,,#DIV/0!,#DIV/0!,#DIV/0!,#DIV/0!,#DIV/0!
GGGGAGACATGGGCTGCCCACGGTCCATCG,30,20,2,0.23,219,1,0,,,,,,,,,,,,,,,,,,,,,,,,,,,,,,,,,,,,,,#DIV/0!,#DIV/0!,#DIV/0!,#DIV/0!,#DIV/0!
GCATGCCCGTGATCACATAGTTGGTGCGGG,30,20,2,0.23,220,1,0,,,,,,,,,,,,,,,,,,,,,,,,,,,,,,,,,,,,,,#DIV/0!,#DIV/0!,#DIV/0!,#DIV/0!,#DIV/0!
CCTTGTGCTGACTCGGACATGGTGCACGTC,30,20,2,0.23,221,1,0,,,,,,,,,,,,,,,,,,,,,,,,,,,,,,,,,,,,,,#DIV/0!,#DIV/0!,#DIV/0!,#DIV/0!,#DIV/0!
ACGGTACGCCTGCGAGGAGGTCGAGCCTCC,30,20,2,0.23,222,1,0,,,,,,,,,,,,,,,,,,,,,,,,,,,,,,,,,,,,,,#DIV/0!,#DIV/0!,#DIV/0!,#DIV/0!,#DIV/0!
TCGGAGATTGGAGGTTGGACATACTTCTCT,30,20,2,0.23,223,1,0,,,,,,,,,,,,,,,,,,,,,,,,,,,,,,,,,,,,,,#DIV/0!,#DIV/0!,#DIV/0!,#DIV/0!,#DIV/0!
AGGCGATAGGGTGGGGGAGCACAAGCCTCC,30,20,2,0.23,224,1,0,,,,,,,,,,,,,,,,,,,,,,,,,,,,,,,,,,,,,,#DIV/0!,#DIV/0!,#DIV/0!,#DIV/0!,#DIV/0!
AGAGGCCTGAGCGCTTAGATCTAAGGCCGA,30,20,2,0.23,225,1,0,,,,,,,,,,,,,,,,,,,,,,,,,,,,,,,,,,,,,,#DIV/0!,#DIV/0!,#DIV/0!,#DIV/0!,#DIV/0!
CCGCCCTCCGGTGCGCCAGGGGGGAAGGGG,30,20,2,0.23,226,1,0,,,,,,,,,,,,,,,,,,,,,,,,,,,,,,,,,,,,,,#DIV/0!,#DIV/0!,#DIV/0!,#DIV/0!,#DIV/0!
TTGACATGAAAGTGCGGCCTTGTGGAAGGT,30,20,2,0.23,227,1,0,,,,,,,,,,,,,,,,,,,,,,,,,,,,,,,,,,,,,,#DIV/0!,#DIV/0!,#DIV/0!,#DIV/0!,#DIV/0!
GTTTGGTCGGCACTCCCCGGTACCGTGCA,29,20,2,0.23,228,1,0,,,,,,,,,,,,,,,,,,,,,,,,,,,,,,,,,,,,,,#DIV/0!,#DIV/0!,#DIV/0!,#DIV/0!,#DIV/0!
CGGCCGTGCGGGGCGGTGCCGGACGAGTCC,30,20,2,0.23,229,1,0,,,,,,,,,,,,,,,,,,,,,,,,,,,,,,,,,,,,,,#DIV/0!,#DIV/0!,#DIV/0!,#DIV/0!,#DIV/0!
ATAGGCACGGAGGCTACGTGCTAGGGCTAC,30,20,2,0.23,230,1,0,,,,,,,,,,,,,,,,,,,,,,,,,,,,,,,,,,,,,,#DIV/0!,#DIV/0!,#DIV/0!,#DIV/0!,#DIV/0!
ACAGACTTAGTGTAAGCGAGAACGTTTACC,30,20,2,0.23,231,1,0,,,,,,,,,,,,,,,,,,,,,,,,,,,,,,,,,,,,,,#DIV/0!,#DIV/0!,#DIV/0!,#DIV/0!,#DIV/0!
GGACTGAGGCGGTCAGCCGGAAGGGGGCTG,30,20,2,0.23,232,1,0,,,,,,,,,,,,,,,,,,,,,,,,,,,,,,,,,,,,,,#DIV/0!,#DIV/0!,#DIV/0!,#DIV/0!,#DIV/0!
CTCGCGAGGTAGGTCGCTGTTATGTCAGGA,30,20,2,0.23,233,1,0,,,,,,,,,,,,,,,,,,,,,,,,,,,,,,,,,,,,,,#DIV/0!,#DIV/0!,#DIV/0!,#DIV/0!,#DIV/0!
GGTGTTGGCACCGGATGGGCGAGCAACTGG,30,20,2,0.23,234,1,0,,,,,,,,,,,,,,,,,,,,,,,,,,,,,,,,,,,,,,#DIV/0!,#DIV/0!,#DIV/0!,#DIV/0!,#DIV/0!
GTGGTGCGTTAGCCAGCTGTGGTCCAAGAG,30,20,2,0.23,235,1,0,,,,,,,,,,,,,,,,,,,,,,,,,,,,,,,,,,,,,,#DIV/0!,#DIV/0!,#DIV/0!,#DIV/0!,#DIV/0!
GGCCTGGTCGTGTGTGGCGGGCTAGCTGTG,30,20,2,0.23,236,1,0,,,,,,,,,,,,,,,,,,,,,,,,,,,,,,,,,,,,,,#DIV/0!,#DIV/0!,#DIV/0!,#DIV/0!,#DIV/0!
CTTGGGCTTTCGGCCTGTGGCGTACTGTAC,30,20,2,0.23,237,1,0,,,,,,,,,,,,,,,,,,,,,,,,,,,,,,,,,,,,,,#DIV/0!,#DIV/0!,#DIV/0!,#DIV/0!,#DIV/0!
TGCATCATTCCGTGAGTTGACGCTCGTAGC,30,20,2,0.23,238,1,0,,,,,,,,,,,,,,,,,,,,,,,,,,,,,,,,,,,,,,#DIV/0!,#DIV/0!,#DIV/0!,#DIV/0!,#DIV/0!
TAGGCGCTTGTTGTAGGCGCGGACGGTCCA,30,20,2,0.23,239,1,0,,,,,,,,,,,,,,,,,,,,,,,,,,,,,,,,,,,,,,#DIV/0!,#DIV/0!,#DIV/0!,#DIV/0!,#DIV/0!
TAGGCGTGACGGTGCACACGTGTGGCACAT,30,20,2,0.23,240,1,0,,,,,,,,,,,,,,,,,,,,,,,,,,,,,,,,,,,,,,#DIV/0!,#DIV/0!,#DIV/0!,#DIV/0!,#DIV/0!
GTTGCTTGAGGCTCTGTGGCATTTGTGAA,29,20,2,0.23,241,1,0,,,,,,,,,,,,,,,,,,,,,,,,,,,,,,,,,,,,,,#DIV/0!,#DIV/0!,#DIV/0!,#DIV/0!,#DIV/0!
GCAGTCGCGTGGGACGCTACGCGAGTGC,28,20,2,0.23,242,1,0,,,,,,,,,,,,,,,,,,,,,,,,,,,,,,,,,,,,,,#DIV/0!,#DIV/0!,#DIV/0!,#DIV/0!,#DIV/0!
GAACGGTTCTGTGTCAGCAGTGGCCGAGGA,30,20,2,0.23,243,1,0,,,,,,,,,,,,,,,,,,,,,,,,,,,,,,,,,,,,,,#DIV/0!,#DIV/0!,#DIV/0!,#DIV/0!,#DIV/0!
GGTTGGTTTATAGGCGCACGCGCTGTGA,28,20,2,0.23,244,1,0,,,,,,,,,,,,,,,,,,,,,,,,,,,,,,,,,,,,,,#DIV/0!,#DIV/0!,#DIV/0!,#DIV/0!,#DIV/0!
GTCAGCTGTCGGAGATCGGAGGCATAAAGC,30,20,2,0.23,245,1,0,,,,,,,,,,,,,,,,,,,,,,,,,,,,,,,,,,,,,,#DIV/0!,#DIV/0!,#DIV/0!,#DIV/0!,#DIV/0!
GCCGTCTGGGGGGGCCCGTGTGGGACCTGG,30,20,2,0.23,246,1,0,,,,,,,,,,,,,,,,,,,,,,,,,,,,,,,,,,,,,,#DIV/0!,#DIV/0!,#DIV/0!,#DIV/0!,#DIV/0!
CAGATGTTGCTCCGGCATCATCTGCCTAGA,30,20,2,0.23,247,1,0,,,,,,,,,,,,,,,,,,,,,,,,,,,,,,,,,,,,,,#DIV/0!,#DIV/0!,#DIV/0!,#DIV/0!,#DIV/0!
GTGCGGGCGGGAGTCTGGATCGGCGGGGCA,30,20,2,0.23,248,1,0,,,,,,,,,,,,,,,,,,,,,,,,,,,,,,,,,,,,,,#DIV/0!,#DIV/0!,#DIV/0!,#DIV/0!,#DIV/0!
CCAGGTGTGACAAGGTAAAGGGCGCATGAC,30,20,2,0.23,249,1,0,,,,,,,,,,,,,,,,,,,,,,,,,,,,,,,,,,,,,,#DIV/0!,#DIV/0!,#DIV/0!,#DIV/0!,#DIV/0!
ACAGGTGCCCTTTGCTCGGGGCAGGGGTTC,30,20,2,0.23,250,1,0,,,,,,,,,,,,,,,,,,,,,,,,,,,,,,,,,,,,,,#DIV/0!,#DIV/0!,#DIV/0!,#DIV/0!,#DIV/0!
ACGCCGATCGGTGGTGCGATGCACAGCGC,29,20,2,0.23,251,1,0,,,,,,,,,,,,,,,,,,,,,,,,,,,,,,,,,,,,,,#DIV/0!,#DIV/0!,#DIV/0!,#DIV/0!,#DIV/0!
GTGTCGGACGGGGCGCCGGGCACCTCCGGA,30,20,2,0.23,252,1,0,,,,,,,,,,,,,,,,,,,,,,,,,,,,,,,,,,,,,,#DIV/0!,#DIV/0!,#DIV/0!,#DIV/0!,#DIV/0!
ATCCCGCCGCGCATGGCATCAGATCCGACA,30,20,2,0.23,253,1,0,,,,,,,,,,,,,,,,,,,,,,,,,,,,,,,,,,,,,,#DIV/0!,#DIV/0!,#DIV/0!,#DIV/0!,#DIV/0!
CAGCAGCGACTTCAGGGAAAAAGGTGACCA,30,20,2,0.23,254,1,0,,,,,,,,,,,,,,,,,,,,,,,,,,,,,,,,,,,,,,#DIV/0!,#DIV/0!,#DIV/0!,#DIV/0!,#DIV/0!
ACCGGGGCTCGTTACATTACGGGTCCCAGG,30,20,2,0.23,255,1,0,,,,,,,,,,,,,,,,,,,,,,,,,,,,,,,,,,,,,,#DIV/0!,#DIV/0!,#DIV/0!,#DIV/0!,#DIV/0!
GTGATGGTCGGATTGTGTGCACGCTGACA,29,20,2,0.23,256,1,0,,,,,,,,,,,,,,,,,,,,,,,,,,,,,,,,,,,,,,#DIV/0!,#DIV/0!,#DIV/0!,#DIV/0!,#DIV/0!
CTATGTTGGCAGACAGTGCACCGTCACTTC,30,20,2,0.23,257,1,0,,,,,,,,,,,,,,,,,,,,,,,,,,,,,,,,,,,,,,#DIV/0!,#DIV/0!,#DIV/0!,#DIV/0!,#DIV/0!
ATGTTCATAATTGGGATGTGATGACTTGAC,30,20,2,0.23,258,1,0,,,,,,,,,,,,,,,,,,,,,,,,,,,,,,,,,,,,,,#DIV/0!,#DIV/0!,#DIV/0!,#DIV/0!,#DIV/0!
GCGTTAGATGCTCCGGTCGGACGCAGGGAT,30,20,2,0.23,259,1,0,,,,,,,,,,,,,,,,,,,,,,,,,,,,,,,,,,,,,,#DIV/0!,#DIV/0!,#DIV/0!,#DIV/0!,#DIV/0!
CGACATAGCAATGTCGTCTCGGGCTCGGTT,30,20,2,0.23,260,1,0,,,,,,,,,,,,,,,,,,,,,,,,,,,,,,,,,,,,,,#DIV/0!,#DIV/0!,#DIV/0!,#DIV/0!,#DIV/0!
AACTGCAGAGTTTTGTGTCGAGCACGGCAG,30,20,2,0.23,261,1,0,,,,,,,,,,,,,,,,,,,,,,,,,,,,,,,,,,,,,,#DIV/0!,#DIV/0!,#DIV/0!,#DIV/0!,#DIV/0!
GATCCGGTTGGTGCAGGCTGTCGGTTCGAG,30,20,2,0.23,262,1,0,,,,,,,,,,,,,,,,,,,,,,,,,,,,,,,,,,,,,,#DIV/0!,#DIV/0!,#DIV/0!,#DIV/0!,#DIV/0!
ATCGCCCACGGGAGGGTTCCGGGTGAAGTA,30,20,2,0.23,263,1,0,,,,,,,,,,,,,,,,,,,,,,,,,,,,,,,,,,,,,,#DIV/0!,#DIV/0!,#DIV/0!,#DIV/0!,#DIV/0!
CACGCGGTGCGGACGTGGTGTGGAAGACGG,30,20,2,0.23,264,1,0,,,,,,,,,,,,,,,,,,,,,,,,,,,,,,,,,,,,,,#DIV/0!,#DIV/0!,#DIV/0!,#DIV/0!,#DIV/0!
TGATATGCTTGCTGTCACCGCCGGTCGGAC,30,20,2,0.23,265,1,0,,,,,,,,,,,,,,,,,,,,,,,,,,,,,,,,,,,,,,#DIV/0!,#DIV/0!,#DIV/0!,#DIV/0!,#DIV/0!
CACGACGACCTTGCTCTGGCCTGTCTATAG,30,20,2,0.23,266,1,0,,,,,,,,,,,,,,,,,,,,,,,,,,,,,,,,,,,,,,#DIV/0!,#DIV/0!,#DIV/0!,#DIV/0!,#DIV/0!
GTTCTGGAGCTCAGGAGCGGCCGGTGCGAC,30,20,2,0.23,267,1,0,,,,,,,,,,,,,,,,,,,,,,,,,,,,,,,,,,,,,,#DIV/0!,#DIV/0!,#DIV/0!,#DIV/0!,#DIV/0!
GCAGCGTGTCTGTGTGGCACGGTACGGATA,30,20,2,0.23,268,1,0,,,,,,,,,,,,,,,,,,,,,,,,,,,,,,,,,,,,,,#DIV/0!,#DIV/0!,#DIV/0!,#DIV/0!,#DIV/0!
TAGGTTGGTTATGACCTGGTTGGACTTTGT,30,20,2,0.23,269,1,0,,,,,,,,,,,,,,,,,,,,,,,,,,,,,,,,,,,,,,#DIV/0!,#DIV/0!,#DIV/0!,#DIV/0!,#DIV/0!
CAGGGCAGCGGGCCCCGTGTCGGTACTGCG,30,20,2,0.23,270,1,0,,,,,,,,,,,,,,,,,,,,,,,,,,,,,,,,,,,,,,#DIV/0!,#DIV/0!,#DIV/0!,#DIV/0!,#DIV/0!
GCATCGGGCCCCAGCCGCGCGGACCGGCTC,30,20,2,0.23,271,1,0,,,,,,,,,,,,,,,,,,,,,,,,,,,,,,,,,,,,,,#DIV/0!,#DIV/0!,#DIV/0!,#DIV/0!,#DIV/0!
GGTTACGCTCCTCTCAGGACGGGTCGCCGT,30,20,2,0.23,272,1,0,,,,,,,,,,,,,,,,,,,,,,,,,,,,,,,,,,,,,,#DIV/0!,#DIV/0!,#DIV/0!,#DIV/0!,#DIV/0!
TACACTGATGGTATAGGAGTGGTACGAAGC,30,20,2,0.23,273,1,0,,,,,,,,,,,,,,,,,,,,,,,,,,,,,,,,,,,,,,#DIV/0!,#DIV/0!,#DIV/0!,#DIV/0!,#DIV/0!
CGTTGGCCGGGGTCGGGGAACCCGGTGCGT,30,20,2,0.23,274,1,0,,,,,,,,,,,,,,,,,,,,,,,,,,,,,,,,,,,,,,#DIV/0!,#DIV/0!,#DIV/0!,#DIV/0!,#DIV/0!
TCGAGGCCGTGGACCAAGGGTTACGGGGTC,30,20,2,0.23,275,1,0,,,,,,,,,,,,,,,,,,,,,,,,,,,,,,,,,,,,,,#DIV/0!,#DIV/0!,#DIV/0!,#DIV/0!,#DIV/0!
TCGTGTATTGAGGTCTGAGAGCGACTCGAG,30,20,2,0.23,276,1,0,,,,,,,,,,,,,,,,,,,,,,,,,,,,,,,,,,,,,,#DIV/0!,#DIV/0!,#DIV/0!,#DIV/0!,#DIV/0!
CGCCACGGCGTGGTCATGACGAGCGGTG,28,20,2,0.23,277,1,0,,,,,,,,,,,,,,,,,,,,,,,,,,,,,,,,,,,,,,#DIV/0!,#DIV/0!,#DIV/0!,#DIV/0!,#DIV/0!
AGATGGGTTCGGGGCCGTCAACGCTAAAGC,30,20,2,0.23,278,1,0,,,,,,,,,,,,,,,,,,,,,,,,,,,,,,,,,,,,,,#DIV/0!,#DIV/0!,#DIV/0!,#DIV/0!,#DIV/0!
TGGTAGGAGGGCTAACTCTGGTGTGTCCCC,30,20,2,0.23,279,1,0,,,,,,,,,,,,,,,,,,,,,,,,,,,,,,,,,,,,,,#DIV/0!,#DIV/0!,#DIV/0!,#DIV/0!,#DIV/0!
GTGCGGCCGGGGGTGGCCTGTCGTGGGTGG,30,20,2,0.23,280,1,0,,,,,,,,,,,,,,,,,,,,,,,,,,,,,,,,,,,,,,#DIV/0!,#DIV/0!,#DIV/0!,#DIV/0!,#DIV/0!
AAGTGCAGTGCATTTCCCTCAGAGGGTGT,29,20,2,0.23,281,1,0,,,,,,,,,,,,,,,,,,,,,,,,,,,,,,,,,,,,,,#DIV/0!,#DIV/0!,#DIV/0!,#DIV/0!,#DIV/0!
AACGGCATGTGTGCTGCAGAGTGTAATGGC,30,20,2,0.23,282,1,0,,,,,,,,,,,,,,,,,,,,,,,,,,,,,,,,,,,,,,#DIV/0!,#DIV/0!,#DIV/0!,#DIV/0!,#DIV/0!
GTGAACAGCCATGGCTGTGAGTGGATAGTG,30,20,2,0.23,283,1,0,,,,,,,,,,,,,,,,,,,,,,,,,,,,,,,,,,,,,,#DIV/0!,#DIV/0!,#DIV/0!,#DIV/0!,#DIV/0!
TGTGATTGGACTCCATGCGGAGAAGCAGTC,30,20,2,0.23,284,1,0,,,,,,,,,,,,,,,,,,,,,,,,,,,,,,,,,,,,,,#DIV/0!,#DIV/0!,#DIV/0!,#DIV/0!,#DIV/0!
TAGGGCTATGTGACAAAGTTGTCGCAGCGA,30,20,2,0.23,285,1,0,,,,,,,,,,,,,,,,,,,,,,,,,,,,,,,,,,,,,,#DIV/0!,#DIV/0!,#DIV/0!,#DIV/0!,#DIV/0!
CGGGTCGATCTGGGGGAGGCGTAAGTAGGG,30,20,2,0.23,286,1,0,,,,,,,,,,,,,,,,,,,,,,,,,,,,,,,,,,,,,,#DIV/0!,#DIV/0!,#DIV/0!,#DIV/0!,#DIV/0!
ACCAGCGGCGGTACGCGGATGGTACGACTC,30,20,2,0.23,287,1,0,,,,,,,,,,,,,,,,,,,,,,,,,,,,,,,,,,,,,,#DIV/0!,#DIV/0!,#DIV/0!,#DIV/0!,#DIV/0!
ACGGTGTCTAGACGGATTACCTTTGTTAGA,30,20,2,0.23,288,1,0,,,,,,,,,,,,,,,,,,,,,,,,,,,,,,,,,,,,,,#DIV/0!,#DIV/0!,#DIV/0!,#DIV/0!,#DIV/0!
GGGTCGCAGGAGATGCCATGAGCGATGTGG,30,20,2,0.23,289,1,0,,,,,,,,,,,,,,,,,,,,,,,,,,,,,,,,,,,,,,#DIV/0!,#DIV/0!,#DIV/0!,#DIV/0!,#DIV/0!
TGGCGTGCTGGTGCGCAGGGGGGTGCGGGA,30,20,2,0.23,291,1,0,,,,,,,,,,,,,,,,,,,,,,,,,,,,,,,,,,,,,,#DIV/0!,#DIV/0!,#DIV/0!,#DIV/0!,#DIV/0!
GGGACGGGCTCCGGAGGAGGCAGCCCCCTC,30,20,2,0.23,292,1,0,,,,,,,,,,,,,,,,,,,,,,,,,,,,,,,,,,,,,,#DIV/0!,#DIV/0!,#DIV/0!,#DIV/0!,#DIV/0!
GGGGCCATTGTCGTGTACGTCGTTGGCGCC,30,20,2,0.23,293,1,0,,,,,,,,,,,,,,,,,,,,,,,,,,,,,,,,,,,,,,#DIV/0!,#DIV/0!,#DIV/0!,#DIV/0!,#DIV/0!
CGCGGCGTATCCGCACGGTGGGGGACGGTA,30,20,2,0.23,294,1,0,,,,,,,,,,,,,,,,,,,,,,,,,,,,,,,,,,,,,,#DIV/0!,#DIV/0!,#DIV/0!,#DIV/0!,#DIV/0!
TAGGATGGCTCGTCCGGCCCCGGGGGAGGT,30,20,2,0.23,295,1,0,,,,,,,,,,,,,,,,,,,,,,,,,,,,,,,,,,,,,,#DIV/0!,#DIV/0!,#DIV/0!,#DIV/0!,#DIV/0!
GGTCGCCGTGGACGGTTAGTGTGCTTGTGA,30,20,2,0.23,296,1,0,,,,,,,,,,,,,,,,,,,,,,,,,,,,,,,,,,,,,,#DIV/0!,#DIV/0!,#DIV/0!,#DIV/0!,#DIV/0!
GGGGGCGGACTGGTGTGGCTAGGGTATGGG,30,20,2,0.23,297,1,0,,,,,,,,,,,,,,,,,,,,,,,,,,,,,,,,,,,,,,#DIV/0!,#DIV/0!,#DIV/0!,#DIV/0!,#DIV/0!
CATGTGCTAAGACCCACAATGGGCCGTAGT,30,20,2,0.23,298,1,0,,,,,,,,,,,,,,,,,,,,,,,,,,,,,,,,,,,,,,#DIV/0!,#DIV/0!,#DIV/0!,#DIV/0!,#DIV/0!
CCGTGGACGAAAGAGTGAGGTCCGCGGCAT,30,20,2,0.23,299,1,0,,,,,,,,,,,,,,,,,,,,,,,,,,,,,,,,,,,,,,#DIV/0!,#DIV/0!,#DIV/0!,#DIV/0!,#DIV/0!
AACACTCGATTTTAAAGGTGGGATTAGTCT,30,20,2,0.23,300,1,0,,,,,,,,,,,,,,,,,,,,,,,,,,,,,,,,,,,,,,#DIV/0!,#DIV/0!,#DIV/0!,#DIV/0!,#DIV/0!
GTTGGACGCTTAGGAGTGTGCCCCGTGCAG,30,20,2,0.23,301,1,0,,,,,,,,,,,,,,,,,,,,,,,,,,,,,,,,,,,,,,#DIV/0!,#DIV/0!,#DIV/0!,#DIV/0!,#DIV/0!
GTGCCGACCATTGACAGCGTTAAGGATAGG,30,20,2,0.23,302,1,0,,,,,,,,,,,,,,,,,,,,,,,,,,,,,,,,,,,,,,#DIV/0!,#DIV/0!,#DIV/0!,#DIV/0!,#DIV/0!
AACACTGGAACCATGGGTCGGTGGGTCCAG,30,20,2,0.23,303,1,0,,,,,,,,,,,,,,,,,,,,,,,,,,,,,,,,,,,,,,#DIV/0!,#DIV/0!,#DIV/0!,#DIV/0!,#DIV/0!
CGGTTGCGAGCCGCCCGGCCGAATCGGGTA,30,20,2,0.23,304,1,0,,,,,,,,,,,,,,,,,,,,,,,,,,,,,,,,,,,,,,#DIV/0!,#DIV/0!,#DIV/0!,#DIV/0!,#DIV/0!
CAGCAAAGCGGGCAAGTCGCAGTCGGGACC,30,20,2,0.23,305,1,0,,,,,,,,,,,,,,,,,,,,,,,,,,,,,,,,,,,,,,#DIV/0!,#DIV/0!,#DIV/0!,#DIV/0!,#DIV/0!
TAGGACGGAAGGGACGTGCTGTGGTGCGTG,30,20,2,0.23,307,1,0,,,,,,,,,,,,,,,,,,,,,,,,,,,,,,,,,,,,,,#DIV/0!,#DIV/0!,#DIV/0!,#DIV/0!,#DIV/0!
ACTCCGGGTGAAAGCAGAGTGACTGGGTCC,30,20,2,0.23,308,1,0,,,,,,,,,,,,,,,,,,,,,,,,,,,,,,,,,,,,,,#DIV/0!,#DIV/0!,#DIV/0!,#DIV/0!,#DIV/0!
AGGTGCAGCCAGGGGGACGGTAGGGAGACC,30,20,2,0.23,309,1,0,,,,,,,,,,,,,,,,,,,,,,,,,,,,,,,,,,,,,,#DIV/0!,#DIV/0!,#DIV/0!,#DIV/0!,#DIV/0!
CGGAGCCCGGCACCGAACGGGCAGGGTACA,30,20,2,0.23,310,1,0,,,,,,,,,,,,,,,,,,,,,,,,,,,,,,,,,,,,,,#DIV/0!,#DIV/0!,#DIV/0!,#DIV/0!,#DIV/0!
GTGAGGTTGCAGAGTGCAGCTGATCCTTG,29,20,2,0.23,311,1,0,,,,,,,,,,,,,,,,,,,,,,,,,,,,,,,,,,,,,,#DIV/0!,#DIV/0!,#DIV/0!,#DIV/0!,#DIV/0!
AAGCATATCGTGGTCCGCCATGGTAATTCT,30,20,2,0.23,312,1,0,,,,,,,,,,,,,,,,,,,,,,,,,,,,,,,,,,,,,,#DIV/0!,#DIV/0!,#DIV/0!,#DIV/0!,#DIV/0!
GCCGGTGATCCGAAAGGCCCTGCCGTGGA,29,20,2,0.23,313,1,0,,,,,,,,,,,,,,,,,,,,,,,,,,,,,,,,,,,,,,#DIV/0!,#DIV/0!,#DIV/0!,#DIV/0!,#DIV/0!
GCTGGCTGGCGGGGCTGGGCGAGCGTGCCT,30,20,2,0.23,314,1,0,,,,,,,,,,,,,,,,,,,,,,,,,,,,,,,,,,,,,,#DIV/0!,#DIV/0!,#DIV/0!,#DIV/0!,#DIV/0!
CTCTCCCGTGCTTAGGGGACGAGATGTGCC,30,20,2,0.23,315,1,0,,,,,,,,,,,,,,,,,,,,,,,,,,,,,,,,,,,,,,#DIV/0!,#DIV/0!,#DIV/0!,#DIV/0!,#DIV/0!
GGAAGCCGTCGCCCCGCGCGTGGGCCTG,28,20,2,0.23,316,1,0,,,,,,,,,,,,,,,,,,,,,,,,,,,,,,,,,,,,,,#DIV/0!,#DIV/0!,#DIV/0!,#DIV/0!,#DIV/0!
GGACACAGCAGTACACTGTCCAAGTATGCT,30,20,2,0.23,317,1,0,,,,,,,,,,,,,,,,,,,,,,,,,,,,,,,,,,,,,,#DIV/0!,#DIV/0!,#DIV/0!,#DIV/0!,#DIV/0!
CGAGCGAAGCGGCGGAGCGGAGGGTGGTTC,30,20,2,0.23,318,1,0,,,,,,,,,,,,,,,,,,,,,,,,,,,,,,,,,,,,,,#DIV/0!,#DIV/0!,#DIV/0!,#DIV/0!,#DIV/0!
CACCATCGGCTGTTGGGGTAGTGAGTTGTT,30,20,2,0.23,319,1,0,,,,,,,,,,,,,,,,,,,,,,,,,,,,,,,,,,,,,,#DIV/0!,#DIV/0!,#DIV/0!,#DIV/0!,#DIV/0!
TGTGGACTTGTTATCGCGGAGTGCAGGCTA,30,20,2,0.23,320,1,0,,,,,,,,,,,,,,,,,,,,,,,,,,,,,,,,,,,,,,#DIV/0!,#DIV/0!,#DIV/0!,#DIV/0!,#DIV/0!
CCAGTAGGGAAGGGGGGTTGACAAGGATTG,30,20,2,0.23,321,1,0,,,,,,,,,,,,,,,,,,,,,,,,,,,,,,,,,,,,,,#DIV/0!,#DIV/0!,#DIV/0!,#DIV/0!,#DIV/0!
TCGCACGTTTACAGGGCGTCGCTTCCAAGC,30,20,2,0.23,322,1,0,,,,,,,,,,,,,,,,,,,,,,,,,,,,,,,,,,,,,,#DIV/0!,#DIV/0!,#DIV/0!,#DIV/0!,#DIV/0!
GCGGGCTGAGCGGGAGAGACGATGGCACAC,30,20,2,0.23,323,1,0,,,,,,,,,,,,,,,,,,,,,,,,,,,,,,,,,,,,,,#DIV/0!,#DIV/0!,#DIV/0!,#DIV/0!,#DIV/0!
CGTTTGGTGAGTGGGGGCGCAAGTGTGCCG,30,20,2,0.23,324,1,0,,,,,,,,,,,,,,,,,,,,,,,,,,,,,,,,,,,,,,#DIV/0!,#DIV/0!,#DIV/0!,#DIV/0!,#DIV/0!
CTGAAGTGGCCGTTGGAGATGGCGCGGGGT,30,20,2,0.23,325,1,0,,,,,,,,,,,,,,,,,,,,,,,,,,,,,,,,,,,,,,#DIV/0!,#DIV/0!,#DIV/0!,#DIV/0!,#DIV/0!
TCCAGGGCGGTTAGGGAGGGGTCCTGTCCG,30,20,2,0.23,326,1,0,,,,,,,,,,,,,,,,,,,,,,,,,,,,,,,,,,,,,,#DIV/0!,#DIV/0!,#DIV/0!,#DIV/0!,#DIV/0!
GCTGCGAGGTCAGATCATGCGGCGGGGAC,29,20,2,0.23,327,1,0,,,,,,,,,,,,,,,,,,,,,,,,,,,,,,,,,,,,,,#DIV/0!,#DIV/0!,#DIV/0!,#DIV/0!,#DIV/0!
TTGGGGCTCTGGCCGAGGCTGGGTGCCCG,29,20,2,0.23,328,1,0,,,,,,,,,,,,,,,,,,,,,,,,,,,,,,,,,,,,,,#DIV/0!,#DIV/0!,#DIV/0!,#DIV/0!,#DIV/0!
GCGTTCTCGTGTCGGGTCACGGGCGGGTCA,30,20,2,0.23,329,1,0,,,,,,,,,,,,,,,,,,,,,,,,,,,,,,,,,,,,,,#DIV/0!,#DIV/0!,#DIV/0!,#DIV/0!,#DIV/0!
CTCCGTGCTCTTAGTAGTGCAGGGTGAGAT,30,20,2,0.23,330,1,0,,,,,,,,,,,,,,,,,,,,,,,,,,,,,,,,,,,,,,#DIV/0!,#DIV/0!,#DIV/0!,#DIV/0!,#DIV/0!
TCCGTACCGAGTTGGCTCGGTCGCGGCCTC,30,20,2,0.23,331,1,0,,,,,,,,,,,,,,,,,,,,,,,,,,,,,,,,,,,,,,#DIV/0!,#DIV/0!,#DIV/0!,#DIV/0!,#DIV/0!
GATTGACGTATCTGTGAAGGCCGTCAAATA,30,20,2,0.23,332,1,0,,,,,,,,,,,,,,,,,,,,,,,,,,,,,,,,,,,,,,#DIV/0!,#DIV/0!,#DIV/0!,#DIV/0!,#DIV/0!
CATACCAAGGTGTATGGAACGGCGGTACTA,30,20,2,0.23,333,1,0,,,,,,,,,,,,,,,,,,,,,,,,,,,,,,,,,,,,,,#DIV/0!,#DIV/0!,#DIV/0!,#DIV/0!,#DIV/0!
TAGGCGAGCATATGCGTCTGGCGTTGAATG,30,20,2,0.23,334,1,0,,,,,,,,,,,,,,,,,,,,,,,,,,,,,,,,,,,,,,#DIV/0!,#DIV/0!,#DIV/0!,#DIV/0!,#DIV/0!
GAGCCAGTTGGGGGATGGCTCGGGTAATCA,30,20,2,0.23,335,1,0,,,,,,,,,,,,,,,,,,,,,,,,,,,,,,,,,,,,,,#DIV/0!,#DIV/0!,#DIV/0!,#DIV/0!,#DIV/0!
CCTGGTTCTTCCGTCAGACTTCGGGGTTCC,30,20,2,0.23,336,1,0,,,,,,,,,,,,,,,,,,,,,,,,,,,,,,,,,,,,,,#DIV/0!,#DIV/0!,#DIV/0!,#DIV/0!,#DIV/0!
TGGTCGTTGGGATGGGGCAAATTGGTGGAC,30,20,2,0.23,337,1,0,,,,,,,,,,,,,,,,,,,,,,,,,,,,,,,,,,,,,,#DIV/0!,#DIV/0!,#DIV/0!,#DIV/0!,#DIV/0!
CCGCAAGGGACATGAGCTTGTGGTCTGGCC,30,20,2,0.23,338,1,0,,,,,,,,,,,,,,,,,,,,,,,,,,,,,,,,,,,,,,#DIV/0!,#DIV/0!,#DIV/0!,#DIV/0!,#DIV/0!
TTCGTACGGCCACCTAGTGGGAAGGGCCGA,30,20,2,0.23,339,1,0,,,,,,,,,,,,,,,,,,,,,,,,,,,,,,,,,,,,,,#DIV/0!,#DIV/0!,#DIV/0!,#DIV/0!,#DIV/0!
CGCGCAGTTTTGCGGGAGCCATCCGAAGGT,30,20,2,0.23,340,1,0,,,,,,,,,,,,,,,,,,,,,,,,,,,,,,,,,,,,,,#DIV/0!,#DIV/0!,#DIV/0!,#DIV/0!,#DIV/0!
CTCTCCAGCTGGTGGGCCGGCAGGAGCTAT,30,20,2,0.23,341,1,0,,,,,,,,,,,,,,,,,,,,,,,,,,,,,,,,,,,,,,#DIV/0!,#DIV/0!,#DIV/0!,#DIV/0!,#DIV/0!
GAGACGGGCGTTGTCGGGTGCCGCGGCCGT,30,20,2,0.23,342,1,0,,,,,,,,,,,,,,,,,,,,,,,,,,,,,,,,,,,,,,#DIV/0!,#DIV/0!,#DIV/0!,#DIV/0!,#DIV/0!
GCCCCCCGACCCAACCGGGGGATATGCCA,29,20,2,0.23,343,1,0,,,,,,,,,,,,,,,,,,,,,,,,,,,,,,,,,,,,,,#DIV/0!,#DIV/0!,#DIV/0!,#DIV/0!,#DIV/0!
TAGCGGTGAGAGTGCGTACCGCAGTGTTGT,30,20,2,0.23,344,1,0,,,,,,,,,,,,,,,,,,,,,,,,,,,,,,,,,,,,,,#DIV/0!,#DIV/0!,#DIV/0!,#DIV/0!,#DIV/0!
ACGGTTGCGTGACAAGGCAGCAGCGGTCTA,30,20,2,0.23,345,1,0,,,,,,,,,,,,,,,,,,,,,,,,,,,,,,,,,,,,,,#DIV/0!,#DIV/0!,#DIV/0!,#DIV/0!,#DIV/0!
GGCGCAGCAGCGTAGCTGGGAGGCGCGGAA,30,20,2,0.23,346,1,0,,,,,,,,,,,,,,,,,,,,,,,,,,,,,,,,,,,,,,#DIV/0!,#DIV/0!,#DIV/0!,#DIV/0!,#DIV/0!
GTTTGACATCCGATTTTGTTATCGGGGGTG,30,20,2,0.23,347,1,0,,,,,,,,,,,,,,,,,,,,,,,,,,,,,,,,,,,,,,#DIV/0!,#DIV/0!,#DIV/0!,#DIV/0!,#DIV/0!
GTCGGTGGGCATGGGCTTGGATGCGCTCCG,30,20,2,0.23,348,1,0,,,,,,,,,,,,,,,,,,,,,,,,,,,,,,,,,,,,,,#DIV/0!,#DIV/0!,#DIV/0!,#DIV/0!,#DIV/0!
GGTGCGTTGGAAACGACGCCTAGTGTACTA,30,20,2,0.23,349,1,0,,,,,,,,,,,,,,,,,,,,,,,,,,,,,,,,,,,,,,#DIV/0!,#DIV/0!,#DIV/0!,#DIV/0!,#DIV/0!
TGGTGGCCCAAGCGGGCTTGCATAGTGGGG,30,20,2,0.23,350,1,0,,,,,,,,,,,,,,,,,,,,,,,,,,,,,,,,,,,,,,#DIV/0!,#DIV/0!,#DIV/0!,#DIV/0!,#DIV/0!
AGGGAGAGTACCGTGGCGCAGCGTGCGGTA,30,20,2,0.23,351,1,0,,,,,,,,,,,,,,,,,,,,,,,,,,,,,,,,,,,,,,#DIV/0!,#DIV/0!,#DIV/0!,#DIV/0!,#DIV/0!
GCAAGTGTTCGACGGAGGACCACCTCTGCA,30,20,2,0.23,352,1,0,,,,,,,,,,,,,,,,,,,,,,,,,,,,,,,,,,,,,,#DIV/0!,#DIV/0!,#DIV/0!,#DIV/0!,#DIV/0!
GAGCGACCCCGTGTGCAGGAGGTCTTGGTC,30,20,2,0.23,353,1,0,,,,,,,,,,,,,,,,,,,,,,,,,,,,,,,,,,,,,,#DIV/0!,#DIV/0!,#DIV/0!,#DIV/0!,#DIV/0!
CCAACGAGAGGATGCGGGGCCGAGCGCCGC,30,20,2,0.23,354,1,0,,,,,,,,,,,,,,,,,,,,,,,,,,,,,,,,,,,,,,#DIV/0!,#DIV/0!,#DIV/0!,#DIV/0!,#DIV/0!
GCGGAGAGCCTGCGGGGGGGGCTCGTAGG,29,20,2,0.23,355,1,0,,,,,,,,,,,,,,,,,,,,,,,,,,,,,,,,,,,,,,#DIV/0!,#DIV/0!,#DIV/0!,#DIV/0!,#DIV/0!
CTGTGAGTACATGAGCCTTAATGTGGATCG,30,20,2,0.23,356,1,0,,,,,,,,,,,,,,,,,,,,,,,,,,,,,,,,,,,,,,#DIV/0!,#DIV/0!,#DIV/0!,#DIV/0!,#DIV/0!
GACGCCGGGTGGCGGTCGGCGTTCGGGATT,30,20,2,0.23,357,1,0,,,,,,,,,,,,,,,,,,,,,,,,,,,,,,,,,,,,,,#DIV/0!,#DIV/0!,#DIV/0!,#DIV/0!,#DIV/0!
CCCGGTGGGTGGGCGCCAGAGGGGAGGAA,29,20,2,0.23,358,1,0,,,,,,,,,,,,,,,,,,,,,,,,,,,,,,,,,,,,,,#DIV/0!,#DIV/0!,#DIV/0!,#DIV/0!,#DIV/0!
TACAGCTAGGGGCGTTGCTGGTCCTTGGTG,30,20,2,0.23,359,1,0,,,,,,,,,,,,,,,,,,,,,,,,,,,,,,,,,,,,,,#DIV/0!,#DIV/0!,#DIV/0!,#DIV/0!,#DIV/0!
ACACCCTGGAGGGGAGTGTGAGTGTGACAA,30,20,2,0.23,360,1,0,,,,,,,,,,,,,,,,,,,,,,,,,,,,,,,,,,,,,,#DIV/0!,#DIV/0!,#DIV/0!,#DIV/0!,#DIV/0!
TGCGCACGATATAAGCAGTCGCGTGCATGT,30,20,2,0.23,361,1,0,,,,,,,,,,,,,,,,,,,,,,,,,,,,,,,,,,,,,,#DIV/0!,#DIV/0!,#DIV/0!,#DIV/0!,#DIV/0!
ATGGCGTACGAACTTCGCGCCTCGTATGGT,30,20,2,0.23,362,1,0,,,,,,,,,,,,,,,,,,,,,,,,,,,,,,,,,,,,,,#DIV/0!,#DIV/0!,#DIV/0!,#DIV/0!,#DIV/0!
CGGCGGCTTGGGTCCGGAGACAAGGCGTTA,30,20,2,0.23,363,1,0,,,,,,,,,,,,,,,,,,,,,,,,,,,,,,,,,,,,,,#DIV/0!,#DIV/0!,#DIV/0!,#DIV/0!,#DIV/0!
GTAGAGCTAGCTTGGGGATGCGTTGTCGG,29,20,2,0.23,364,1,0,,,,,,,,,,,,,,,,,,,,,,,,,,,,,,,,,,,,,,#DIV/0!,#DIV/0!,#DIV/0!,#DIV/0!,#DIV/0!
CAGGCGGCAGGGAAGGTCGATGTGGGTAAC,30,20,2,0.23,365,1,0,,,,,,,,,,,,,,,,,,,,,,,,,,,,,,,,,,,,,,#DIV/0!,#DIV/0!,#DIV/0!,#DIV/0!,#DIV/0!
CACGCGGGGGGCCGTGAGGCCACAGCGGGC,30,20,2,0.23,366,1,0,,,,,,,,,,,,,,,,,,,,,,,,,,,,,,,,,,,,,,#DIV/0!,#DIV/0!,#DIV/0!,#DIV/0!,#DIV/0!
CTTAGCCGAAGCGTTACAGGACGAGGCTCA,30,20,2,0.23,367,1,0,,,,,,,,,,,,,,,,,,,,,,,,,,,,,,,,,,,,,,#DIV/0!,#DIV/0!,#DIV/0!,#DIV/0!,#DIV/0!
GGTCTGCGATGATCATTTGCGTCTTTGCTG,30,20,2,0.23,368,1,0,,,,,,,,,,,,,,,,,,,,,,,,,,,,,,,,,,,,,,#DIV/0!,#DIV/0!,#DIV/0!,#DIV/0!,#DIV/0!
CGGGGTAGGGTACGCCTGAAGTAGGAGCGT,30,20,2,0.23,369,1,0,,,,,,,,,,,,,,,,,,,,,,,,,,,,,,,,,,,,,,#DIV/0!,#DIV/0!,#DIV/0!,#DIV/0!,#DIV/0!
TCCGCTGCGAGGTAAGGGCTTGTGGAGCCA,30,20,2,0.23,370,1,0,,,,,,,,,,,,,,,,,,,,,,,,,,,,,,,,,,,,,,#DIV/0!,#DIV/0!,#DIV/0!,#DIV/0!,#DIV/0!
GAGGGCGTACGCGCTATTGGTGGGTCCTGC,30,20,2,0.23,371,1,0,,,,,,,,,,,,,,,,,,,,,,,,,,,,,,,,,,,,,,#DIV/0!,#DIV/0!,#DIV/0!,#DIV/0!,#DIV/0!
CGAGGCGTAGCCGAGTGGCCATGCTGAACA,30,20,2,0.23,372,1,0,,,,,,,,,,,,,,,,,,,,,,,,,,,,,,,,,,,,,,#DIV/0!,#DIV/0!,#DIV/0!,#DIV/0!,#DIV/0!
AGGTCAGGCCGATGACTTACGGGTTAGGCC,30,20,2,0.23,373,1,0,,,,,,,,,,,,,,,,,,,,,,,,,,,,,,,,,,,,,,#DIV/0!,#DIV/0!,#DIV/0!,#DIV/0!,#DIV/0!
GCATTGCGTCACGTTGGCAATACTCCGCTT,30,20,2,0.23,374,1,0,,,,,,,,,,,,,,,,,,,,,,,,,,,,,,,,,,,,,,#DIV/0!,#DIV/0!,#DIV/0!,#DIV/0!,#DIV/0!
ACGATGGGAGAGTTCCCGCGGACATCGCCG,30,20,2,0.23,375,1,0,,,,,,,,,,,,,,,,,,,,,,,,,,,,,,,,,,,,,,#DIV/0!,#DIV/0!,#DIV/0!,#DIV/0!,#DIV/0!
GCAGCGGAGTCCGGAGGGGCGAAGTAGCAG,30,20,2,0.23,376,1,0,,,,,,,,,,,,,,,,,,,,,,,,,,,,,,,,,,,,,,#DIV/0!,#DIV/0!,#DIV/0!,#DIV/0!,#DIV/0!
CACAGAGCGGGACTGTGTTTAGTGTGCTAA,30,20,2,0.23,377,1,0,,,,,,,,,,,,,,,,,,,,,,,,,,,,,,,,,,,,,,#DIV/0!,#DIV/0!,#DIV/0!,#DIV/0!,#DIV/0!
GCTGCGTTATGGTACCTTGAACGCACATTG,30,20,2,0.23,378,1,0,,,,,,,,,,,,,,,,,,,,,,,,,,,,,,,,,,,,,,#DIV/0!,#DIV/0!,#DIV/0!,#DIV/0!,#DIV/0!
AGTGGGCCGATCGACGCGGTGAGGAGGCTC,30,20,2,0.23,379,1,0,,,,,,,,,,,,,,,,,,,,,,,,,,,,,,,,,,,,,,#DIV/0!,#DIV/0!,#DIV/0!,#DIV/0!,#DIV/0!
GCACGGTGCGATGATCAGGCAAGGAGTGCC,30,20,2,0.23,380,1,0,,,,,,,,,,,,,,,,,,,,,,,,,,,,,,,,,,,,,,#DIV/0!,#DIV/0!,#DIV/0!,#DIV/0!,#DIV/0!
CTCGGACCACAGGGTGGTTCGGGTAAGCAA,30,20,2,0.23,381,1,0,,,,,,,,,,,,,,,,,,,,,,,,,,,,,,,,,,,,,,#DIV/0!,#DIV/0!,#DIV/0!,#DIV/0!,#DIV/0!
TTGGCTGGTCTGCTGACCGTGTCGGCCCAG,30,20,2,0.23,382,1,0,,,,,,,,,,,,,,,,,,,,,,,,,,,,,,,,,,,,,,#DIV/0!,#DIV/0!,#DIV/0!,#DIV/0!,#DIV/0!
ACAACGTGGAGCGTAGTATGGCGAACGTTG,30,20,2,0.23,383,1,0,,,,,,,,,,,,,,,,,,,,,,,,,,,,,,,,,,,,,,#DIV/0!,#DIV/0!,#DIV/0!,#DIV/0!,#DIV/0!
GCGTCGATGCCTCGTCATCGTGGCTGGTGC,30,20,2,0.23,384,1,0,,,,,,,,,,,,,,,,,,,,,,,,,,,,,,,,,,,,,,#DIV/0!,#DIV/0!,#DIV/0!,#DIV/0!,#DIV/0!
ACGGCGCTGGGCCCGGCGTCGGATTGCTGT,30,20,2,0.23,385,1,0,,,,,,,,,,,,,,,,,,,,,,,,,,,,,,,,,,,,,,#DIV/0!,#DIV/0!,#DIV/0!,#DIV/0!,#DIV/0!
ATACGGGGTGTAGGGGAGTTTGTGTACGTA,30,20,2,0.23,386,1,0,,,,,,,,,,,,,,,,,,,,,,,,,,,,,,,,,,,,,,#DIV/0!,#DIV/0!,#DIV/0!,#DIV/0!,#DIV/0!
CTTGAAGATTTCGTTCTGGCTGGCTATACC,30,20,2,0.23,387,1,0,,,,,,,,,,,,,,,,,,,,,,,,,,,,,,,,,,,,,,#DIV/0!,#DIV/0!,#DIV/0!,#DIV/0!,#DIV/0!
CCCGGGGGGGGACGGCCTGTTCTATAGTGG,30,20,2,0.23,388,1,0,,,,,,,,,,,,,,,,,,,,,,,,,,,,,,,,,,,,,,#DIV/0!,#DIV/0!,#DIV/0!,#DIV/0!,#DIV/0!
GCTTCCCGTGTTGGTAGCTTTGGTTCATGG,30,20,2,0.23,389,1,0,,,,,,,,,,,,,,,,,,,,,,,,,,,,,,,,,,,,,,#DIV/0!,#DIV/0!,#DIV/0!,#DIV/0!,#DIV/0!
CTGCAAGCAGGCTCGTCCGCAGATTGCATT,30,20,2,0.23,390,1,0,,,,,,,,,,,,,,,,,,,,,,,,,,,,,,,,,,,,,,#DIV/0!,#DIV/0!,#DIV/0!,#DIV/0!,#DIV/0!
TAGGTGTCGGGGTGTTGGACGCCGTTCCGT,30,20,2,0.23,391,1,0,,,,,,,,,,,,,,,,,,,,,,,,,,,,,,,,,,,,,,#DIV/0!,#DIV/0!,#DIV/0!,#DIV/0!,#DIV/0!
GCGGCCCTCTGCGTAGGCTGGTTGGAAGGC,30,20,2,0.23,392,1,0,,,,,,,,,,,,,,,,,,,,,,,,,,,,,,,,,,,,,,#DIV/0!,#DIV/0!,#DIV/0!,#DIV/0!,#DIV/0!
AGCTAACGAGCTGGGGCTTGTCCGGGGAGG,30,20,2,0.23,393,1,0,,,,,,,,,,,,,,,,,,,,,,,,,,,,,,,,,,,,,,#DIV/0!,#DIV/0!,#DIV/0!,#DIV/0!,#DIV/0!
CGAGCTGGGCCCAGGTAGCGGGTCGAGGGG,30,20,2,0.23,395,1,0,,,,,,,,,,,,,,,,,,,,,,,,,,,,,,,,,,,,,,#DIV/0!,#DIV/0!,#DIV/0!,#DIV/0!,#DIV/0!
GAAAGCAAGGAGCTGGGTACCTTCGCTCGG,30,20,2,0.23,396,1,0,,,,,,,,,,,,,,,,,,,,,,,,,,,,,,,,,,,,,,#DIV/0!,#DIV/0!,#DIV/0!,#DIV/0!,#DIV/0!
CAGGCGGCTGAGCGCTTCAGCAGCGTGGTA,30,20,2,0.23,398,1,0,,,,,,,,,,,,,,,,,,,,,,,,,,,,,,,,,,,,,,#DIV/0!,#DIV/0!,#DIV/0!,#DIV/0!,#DIV/0!
AATGCGTCGGAGCTGTCACCGAGTGGCACG,30,20,2,0.23,399,1,0,,,,,,,,,,,,,,,,,,,,,,,,,,,,,,,,,,,,,,#DIV/0!,#DIV/0!,#DIV/0!,#DIV/0!,#DIV/0!
GGGCCGGTTAGGCGGCTTAGCGTTTTGCGG,30,20,2,0.23,400,1,0,,,,,,,,,,,,,,,,,,,,,,,,,,,,,,,,,,,,,,#DIV/0!,#DIV/0!,#DIV/0!,#DIV/0!,#DIV/0!
ATAGGTTACCAAGCGATGGGGATGTCGCCA,30,20,2,0.23,401,1,0,,,,,,,,,,,,,,,,,,,,,,,,,,,,,,,,,,,,,,#DIV/0!,#DIV/0!,#DIV/0!,#DIV/0!,#DIV/0!
CTGGGATTCGGGTCGATTAGTCCGTGGCAT,30,20,2,0.23,402,1,0,,,,,,,,,,,,,,,,,,,,,,,,,,,,,,,,,,,,,,#DIV/0!,#DIV/0!,#DIV/0!,#DIV/0!,#DIV/0!
CCCCCGGCGTAAGACGGGGGGGACCATTGA,30,20,2,0.23,403,1,0,,,,,,,,,,,,,,,,,,,,,,,,,,,,,,,,,,,,,,#DIV/0!,#DIV/0!,#DIV/0!,#DIV/0!,#DIV/0!
GTTCTAGGCTTACGTTTGGAAAGGAACCGT,30,20,2,0.23,404,1,0,,,,,,,,,,,,,,,,,,,,,,,,,,,,,,,,,,,,,,#DIV/0!,#DIV/0!,#DIV/0!,#DIV/0!,#DIV/0!
TAGCAACACGGGAGCGGTTGCGTGCAGCA,29,20,2,0.23,405,1,0,,,,,,,,,,,,,,,,,,,,,,,,,,,,,,,,,,,,,,#DIV/0!,#DIV/0!,#DIV/0!,#DIV/0!,#DIV/0!
CTAACGCTCTGTGTGCGTTGCTCCTTAGCA,30,20,2,0.23,406,1,0,,,,,,,,,,,,,,,,,,,,,,,,,,,,,,,,,,,,,,#DIV/0!,#DIV/0!,#DIV/0!,#DIV/0!,#DIV/0!
GGATCCCGGGGTTTCGGTTGCGCCGGGGTG,30,20,2,0.23,407,1,0,,,,,,,,,,,,,,,,,,,,,,,,,,,,,,,,,,,,,,#DIV/0!,#DIV/0!,#DIV/0!,#DIV/0!,#DIV/0!
CCCGTTGGGAAGCCTGGATAGGTGTCTCAT,30,20,2,0.23,408,1,0,,,,,,,,,,,,,,,,,,,,,,,,,,,,,,,,,,,,,,#DIV/0!,#DIV/0!,#DIV/0!,#DIV/0!,#DIV/0!
TGGAGTTGACTTACTCCGGACTGTGTGTAG,30,20,2,0.23,409,1,0,,,,,,,,,,,,,,,,,,,,,,,,,,,,,,,,,,,,,,#DIV/0!,#DIV/0!,#DIV/0!,#DIV/0!,#DIV/0!
TAAGGGACAGCCAGCATGGCGGGTACGTAT,30,20,2,0.23,410,1,0,,,,,,,,,,,,,,,,,,,,,,,,,,,,,,,,,,,,,,#DIV/0!,#DIV/0!,#DIV/0!,#DIV/0!,#DIV/0!
GCACCGGTTACGGCAGTGAGGCTTCATAGT,30,20,2,0.23,411,1,0,,,,,,,,,,,,,,,,,,,,,,,,,,,,,,,,,,,,,,#DIV/0!,#DIV/0!,#DIV/0!,#DIV/0!,#DIV/0!
GGCAGTTGCCGGGCGGGGCTGGAGCTTCGG,30,20,2,0.23,412,1,0,,,,,,,,,,,,,,,,,,,,,,,,,,,,,,,,,,,,,,#DIV/0!,#DIV/0!,#DIV/0!,#DIV/0!,#DIV/0!
CTGCTGGGGCAGGGTGTACTTCTTAGTGGT,30,20,2,0.23,413,1,0,,,,,,,,,,,,,,,,,,,,,,,,,,,,,,,,,,,,,,#DIV/0!,#DIV/0!,#DIV/0!,#DIV/0!,#DIV/0!
TGGCCGATTCAATATTGTGTGTTGGCTCAA,30,20,2,0.23,414,1,0,,,,,,,,,,,,,,,,,,,,,,,,,,,,,,,,,,,,,,#DIV/0!,#DIV/0!,#DIV/0!,#DIV/0!,#DIV/0!
GATCACTTGCTTGACTGGGAGGTAGTTGAT,30,20,2,0.23,415,1,0,,,,,,,,,,,,,,,,,,,,,,,,,,,,,,,,,,,,,,#DIV/0!,#DIV/0!,#DIV/0!,#DIV/0!,#DIV/0!
TACTCAGGCTGCGGCGCGGTCGGCGGGCAG,30,20,2,0.23,416,1,0,,,,,,,,,,,,,,,,,,,,,,,,,,,,,,,,,,,,,,#DIV/0!,#DIV/0!,#DIV/0!,#DIV/0!,#DIV/0!
GGGCGAGTCGGCAGGCAGCTCTCCGGTTAA,30,20,2,0.23,417,1,0,,,,,,,,,,,,,,,,,,,,,,,,,,,,,,,,,,,,,,#DIV/0!,#DIV/0!,#DIV/0!,#DIV/0!,#DIV/0!
GTCGTGGAGTGCACCCGATCGGCTGCGGTA,30,20,2,0.23,418,1,0,,,,,,,,,,,,,,,,,,,,,,,,,,,,,,,,,,,,,,#DIV/0!,#DIV/0!,#DIV/0!,#DIV/0!,#DIV/0!
CGGACCTGGGCCGGGGGCGTAAGGGCGACA,30,20,2,0.23,419,1,0,,,,,,,,,,,,,,,,,,,,,,,,,,,,,,,,,,,,,,#DIV/0!,#DIV/0!,#DIV/0!,#DIV/0!,#DIV/0!
GGACAGCAGATGGGATCGGCTGGGCATGAC,30,20,2,0.23,420,1,0,,,,,,,,,,,,,,,,,,,,,,,,,,,,,,,,,,,,,,#DIV/0!,#DIV/0!,#DIV/0!,#DIV/0!,#DIV/0!
ACAGTCCATCGTTTCTCATCGAGTGATTGG,30,20,2,0.23,421,1,0,,,,,,,,,,,,,,,,,,,,,,,,,,,,,,,,,,,,,,#DIV/0!,#DIV/0!,#DIV/0!,#DIV/0!,#DIV/0!
ATGTGTTGCCATGGCTTGAGGCCTGGTCTA,30,20,2,0.23,422,1,0,,,,,,,,,,,,,,,,,,,,,,,,,,,,,,,,,,,,,,#DIV/0!,#DIV/0!,#DIV/0!,#DIV/0!,#DIV/0!
CATCGCCGGCTGAGGCTTCAGCCTGCACGC,30,20,2,0.23,423,1,0,,,,,,,,,,,,,,,,,,,,,,,,,,,,,,,,,,,,,,#DIV/0!,#DIV/0!,#DIV/0!,#DIV/0!,#DIV/0!
GGACGGGCGGAACGGCGCGGCTGGCCCGCA,30,20,2,0.23,424,1,0,,,,,,,,,,,,,,,,,,,,,,,,,,,,,,,,,,,,,,#DIV/0!,#DIV/0!,#DIV/0!,#DIV/0!,#DIV/0!
GTTACGGACTGCTCCGCAAGATGATTGCAC,30,20,2,0.23,425,1,0,,,,,,,,,,,,,,,,,,,,,,,,,,,,,,,,,,,,,,#DIV/0!,#DIV/0!,#DIV/0!,#DIV/0!,#DIV/0!
ACTCAGATGGAGGCTGGGCGTAGATAAACT,30,20,2,0.23,426,1,0,,,,,,,,,,,,,,,,,,,,,,,,,,,,,,,,,,,,,,#DIV/0!,#DIV/0!,#DIV/0!,#DIV/0!,#DIV/0!
GGGGCCACGCGTCAGTGGTGGCTTACACGC,30,20,2,0.23,427,1,0,,,,,,,,,,,,,,,,,,,,,,,,,,,,,,,,,,,,,,#DIV/0!,#DIV/0!,#DIV/0!,#DIV/0!,#DIV/0!
GCTAGAGCTGCATGGGTTCGTGTTCGTCTC,30,20,2,0.23,428,1,0,,,,,,,,,,,,,,,,,,,,,,,,,,,,,,,,,,,,,,#DIV/0!,#DIV/0!,#DIV/0!,#DIV/0!,#DIV/0!
CTGCCAACAGGGCCTAGGCGGATTGTTGG,29,20,2,0.23,429,1,0,,,,,,,,,,,,,,,,,,,,,,,,,,,,,,,,,,,,,,#DIV/0!,#DIV/0!,#DIV/0!,#DIV/0!,#DIV/0!
CCGGGGAGGCTGGCGTACGGCGCGGATAGT,30,20,2,0.23,430,1,0,,,,,,,,,,,,,,,,,,,,,,,,,,,,,,,,,,,,,,#DIV/0!,#DIV/0!,#DIV/0!,#DIV/0!,#DIV/0!
GTCGCGGGCAACGTGGTCAGCCGGGGGCCG,30,20,2,0.23,431,1,0,,,,,,,,,,,,,,,,,,,,,,,,,,,,,,,,,,,,,,#DIV/0!,#DIV/0!,#DIV/0!,#DIV/0!,#DIV/0!
CGGCCGGTTCGCGGATGGTTGCTGCTATGA,30,20,2,0.23,432,1,0,,,,,,,,,,,,,,,,,,,,,,,,,,,,,,,,,,,,,,#DIV/0!,#DIV/0!,#DIV/0!,#DIV/0!,#DIV/0!
AGGGCTGCCCCGTGGAGTGGAGGCGTCACT,30,20,2,0.23,433,1,0,,,,,,,,,,,,,,,,,,,,,,,,,,,,,,,,,,,,,,#DIV/0!,#DIV/0!,#DIV/0!,#DIV/0!,#DIV/0!
AGCACGTGCCCAGAACCGTAGCGGGCCGTG,30,20,2,0.23,434,1,0,,,,,,,,,,,,,,,,,,,,,,,,,,,,,,,,,,,,,,#DIV/0!,#DIV/0!,#DIV/0!,#DIV/0!,#DIV/0!
GCTGCCGAGCGGCGAGGATCCGTAGCGGGC,30,20,2,0.23,435,1,0,,,,,,,,,,,,,,,,,,,,,,,,,,,,,,,,,,,,,,#DIV/0!,#DIV/0!,#DIV/0!,#DIV/0!,#DIV/0!
TCCTCAGTACTACGGCTGGCTGTATCAGTG,30,20,2,0.23,436,1,0,,,,,,,,,,,,,,,,,,,,,,,,,,,,,,,,,,,,,,#DIV/0!,#DIV/0!,#DIV/0!,#DIV/0!,#DIV/0!
GGGCGCTTGGGGACTGCCCGGTCGGCTGTC,30,20,2,0.23,437,1,0,,,,,,,,,,,,,,,,,,,,,,,,,,,,,,,,,,,,,,#DIV/0!,#DIV/0!,#DIV/0!,#DIV/0!,#DIV/0!
GGACGGCCATTCCGCGCAGGTGCACGGTGT,30,20,2,0.23,438,1,0,,,,,,,,,,,,,,,,,,,,,,,,,,,,,,,,,,,,,,#DIV/0!,#DIV/0!,#DIV/0!,#DIV/0!,#DIV/0!
CAGCTTTGGAGGGTCATTGAGGCTGCTTAT,30,20,2,0.23,439,1,0,,,,,,,,,,,,,,,,,,,,,,,,,,,,,,,,,,,,,,#DIV/0!,#DIV/0!,#DIV/0!,#DIV/0!,#DIV/0!
CTCGTTAGCCATGGGTGTCGGATAGTTGAG,30,20,2,0.23,440,1,0,,,,,,,,,,,,,,,,,,,,,,,,,,,,,,,,,,,,,,#DIV/0!,#DIV/0!,#DIV/0!,#DIV/0!,#DIV/0!
GACCGAGTCCCCGCGTAGTGAGTGTGCGG,29,20,2,0.23,441,1,0,,,,,,,,,,,,,,,,,,,,,,,,,,,,,,,,,,,,,,#DIV/0!,#DIV/0!,#DIV/0!,#DIV/0!,#DIV/0!
TGGGCTGATGCGTCTCTTGTTGCGTGGTCC,30,20,2,0.23,442,1,0,,,,,,,,,,,,,,,,,,,,,,,,,,,,,,,,,,,,,,#DIV/0!,#DIV/0!,#DIV/0!,#DIV/0!,#DIV/0!
CCATATGTCAGGGCTCCGGTGTGCACGTTA,30,20,2,0.23,443,1,0,,,,,,,,,,,,,,,,,,,,,,,,,,,,,,,,,,,,,,#DIV/0!,#DIV/0!,#DIV/0!,#DIV/0!,#DIV/0!
CGTTGCGCATCGGATGATAGATCAAGATGA,30,20,2,0.23,444,1,0,,,,,,,,,,,,,,,,,,,,,,,,,,,,,,,,,,,,,,#DIV/0!,#DIV/0!,#DIV/0!,#DIV/0!,#DIV/0!
GTCGAGTTTCGCGGGTCGGCCTTGACGACT,30,20,2,0.23,445,1,0,,,,,,,,,,,,,,,,,,,,,,,,,,,,,,,,,,,,,,#DIV/0!,#DIV/0!,#DIV/0!,#DIV/0!,#DIV/0!
GGGCCTCATCGGGTGTAGCATAGCGGAGCC,30,20,2,0.23,446,1,0,,,,,,,,,,,,,,,,,,,,,,,,,,,,,,,,,,,,,,#DIV/0!,#DIV/0!,#DIV/0!,#DIV/0!,#DIV/0!
ACGCGGCCAGTCGTGAAGGGCGCCCCCGTA,30,20,2,0.23,447,1,0,,,,,,,,,,,,,,,,,,,,,,,,,,,,,,,,,,,,,,#DIV/0!,#DIV/0!,#DIV/0!,#DIV/0!,#DIV/0!
CACACATAGTAGTGTGGTAGTATGTCTATT,30,20,2,0.23,448,1,0,,,,,,,,,,,,,,,,,,,,,,,,,,,,,,,,,,,,,,#DIV/0!,#DIV/0!,#DIV/0!,#DIV/0!,#DIV/0!
CATGGCATCGGTATGTGTCGGAGAAGTTGT,30,20,2,0.23,449,1,0,,,,,,,,,,,,,,,,,,,,,,,,,,,,,,,,,,,,,,#DIV/0!,#DIV/0!,#DIV/0!,#DIV/0!,#DIV/0!
GGGGCAGCCTGGAGAGTACACCGTCGTTGG,30,20,2,0.23,450,1,0,,,,,,,,,,,,,,,,,,,,,,,,,,,,,,,,,,,,,,#DIV/0!,#DIV/0!,#DIV/0!,#DIV/0!,#DIV/0!
CGCAGGGCATGGCTGTACGATTGCGGGCTA,30,20,2,0.23,451,1,0,,,,,,,,,,,,,,,,,,,,,,,,,,,,,,,,,,,,,,#DIV/0!,#DIV/0!,#DIV/0!,#DIV/0!,#DIV/0!
ACGGTGGCGTCGGCCGAAGCTGATGCGCAG,30,20,2,0.23,452,1,0,,,,,,,,,,,,,,,,,,,,,,,,,,,,,,,,,,,,,,#DIV/0!,#DIV/0!,#DIV/0!,#DIV/0!,#DIV/0!
GTCGGTAGGACGGGCAGGCGCCAGTTGGGT,30,20,2,0.23,453,1,0,,,,,,,,,,,,,,,,,,,,,,,,,,,,,,,,,,,,,,#DIV/0!,#DIV/0!,#DIV/0!,#DIV/0!,#DIV/0!
TCCAGGCGTGGCCGAGGGTGCCAGGCGCGT,30,20,2,0.23,454,1,0,,,,,,,,,,,,,,,,,,,,,,,,,,,,,,,,,,,,,,#DIV/0!,#DIV/0!,#DIV/0!,#DIV/0!,#DIV/0!
CTCTGTAACTTAACGGAGTGCAGGAGCATG,30,20,2,0.23,455,1,0,,,,,,,,,,,,,,,,,,,,,,,,,,,,,,,,,,,,,,#DIV/0!,#DIV/0!,#DIV/0!,#DIV/0!,#DIV/0!
CGGGGCTCGTGGGTGCATGGGTGCCACGGC,30,20,2,0.23,456,1,0,,,,,,,,,,,,,,,,,,,,,,,,,,,,,,,,,,,,,,#DIV/0!,#DIV/0!,#DIV/0!,#DIV/0!,#DIV/0!
CGAAGGGTGAGGCAACTGGTGCCGAGAACG,30,20,2,0.23,457,1,0,,,,,,,,,,,,,,,,,,,,,,,,,,,,,,,,,,,,,,#DIV/0!,#DIV/0!,#DIV/0!,#DIV/0!,#DIV/0!
GGGCGTCACGCTGGCGTGGCTTCAGAGTCG,30,20,2,0.23,458,1,0,,,,,,,,,,,,,,,,,,,,,,,,,,,,,,,,,,,,,,#DIV/0!,#DIV/0!,#DIV/0!,#DIV/0!,#DIV/0!
GCTGGTGTGCGTTTAGCTGGGGCAAGCGTC,30,20,2,0.23,459,1,0,,,,,,,,,,,,,,,,,,,,,,,,,,,,,,,,,,,,,,#DIV/0!,#DIV/0!,#DIV/0!,#DIV/0!,#DIV/0!
GTACTTGCGGTCGATGCACATGCCGTTGTT,30,20,2,0.23,460,1,0,,,,,,,,,,,,,,,,,,,,,,,,,,,,,,,,,,,,,,#DIV/0!,#DIV/0!,#DIV/0!,#DIV/0!,#DIV/0!
TAGGACTCTGAAGAGTCGAGTGACTCACAA,30,20,2,0.23,461,1,0,,,,,,,,,,,,,,,,,,,,,,,,,,,,,,,,,,,,,,#DIV/0!,#DIV/0!,#DIV/0!,#DIV/0!,#DIV/0!
CCGAGCCGCGGGACGTCGGTTCTGGGGCTA,30,20,2,0.23,462,1,0,,,,,,,,,,,,,,,,,,,,,,,,,,,,,,,,,,,,,,#DIV/0!,#DIV/0!,#DIV/0!,#DIV/0!,#DIV/0!
GATGGGGCCACATCTCCGTGGTCCGGAATG,30,20,2,0.23,463,1,0,,,,,,,,,,,,,,,,,,,,,,,,,,,,,,,,,,,,,,#DIV/0!,#DIV/0!,#DIV/0!,#DIV/0!,#DIV/0!
GCATGTTGTTCTATCTTTTTATCTTGCGGT,30,20,2,0.23,464,1,0,,,,,,,,,,,,,,,,,,,,,,,,,,,,,,,,,,,,,,#DIV/0!,#DIV/0!,#DIV/0!,#DIV/0!,#DIV/0!
ACGCGTGCGGGAGGAGTGGCGCGCGGCTCA,30,20,2,0.23,465,1,0,,,,,,,,,,,,,,,,,,,,,,,,,,,,,,,,,,,,,,#DIV/0!,#DIV/0!,#DIV/0!,#DIV/0!,#DIV/0!
TTAGCATTACTATTGAATGCTAACAATCCG,30,20,2,0.23,466,1,0,,,,,,,,,,,,,,,,,,,,,,,,,,,,,,,,,,,,,,#DIV/0!,#DIV/0!,#DIV/0!,#DIV/0!,#DIV/0!
AGAGGTGGCTTGACCGGTGTCTTCAATTCA,30,20,2,0.23,467,1,0,,,,,,,,,,,,,,,,,,,,,,,,,,,,,,,,,,,,,,#DIV/0!,#DIV/0!,#DIV/0!,#DIV/0!,#DIV/0!
CATGTGGGAAGTGTCCTGGGGTGGTTCCCG,30,20,2,0.23,468,1,0,,,,,,,,,,,,,,,,,,,,,,,,,,,,,,,,,,,,,,#DIV/0!,#DIV/0!,#DIV/0!,#DIV/0!,#DIV/0!
CCGAAAACTGTTCGGTGCCGTATATACGTC,30,20,2,0.23,469,1,0,,,,,,,,,,,,,,,,,,,,,,,,,,,,,,,,,,,,,,#DIV/0!,#DIV/0!,#DIV/0!,#DIV/0!,#DIV/0!
CGTGTCACGAGTTGAGCTCGGGGCCGACGA,30,20,2,0.23,470,1,0,,,,,,,,,,,,,,,,,,,,,,,,,,,,,,,,,,,,,,#DIV/0!,#DIV/0!,#DIV/0!,#DIV/0!,#DIV/0!
ATGGCAAGCTCAGCTTGTGTATTGCGACCA,30,20,2,0.23,471,1,0,,,,,,,,,,,,,,,,,,,,,,,,,,,,,,,,,,,,,,#DIV/0!,#DIV/0!,#DIV/0!,#DIV/0!,#DIV/0!
ACAGTGGCGCAGCGGTTAGACTCAGCGCGG,30,20,2,0.23,472,1,0,,,,,,,,,,,,,,,,,,,,,,,,,,,,,,,,,,,,,,#DIV/0!,#DIV/0!,#DIV/0!,#DIV/0!,#DIV/0!
TGAGTGAGCAGTGCGCGTTACTCGTTCTAA,30,20,2,0.23,473,1,0,,,,,,,,,,,,,,,,,,,,,,,,,,,,,,,,,,,,,,#DIV/0!,#DIV/0!,#DIV/0!,#DIV/0!,#DIV/0!
CACGTCTCGTGGTACGGGCGTGCATCGGAC,30,20,2,0.23,474,1,0,,,,,,,,,,,,,,,,,,,,,,,,,,,,,,,,,,,,,,#DIV/0!,#DIV/0!,#DIV/0!,#DIV/0!,#DIV/0!
AGGATTGACGTTAGTCGCTCCGTCCGGTTG,30,20,2,0.23,475,1,0,,,,,,,,,,,,,,,,,,,,,,,,,,,,,,,,,,,,,,#DIV/0!,#DIV/0!,#DIV/0!,#DIV/0!,#DIV/0!
GATTTCAGTCATCATTTCAATATGTTAGTA,30,20,2,0.23,476,1,0,,,,,,,,,,,,,,,,,,,,,,,,,,,,,,,,,,,,,,#DIV/0!,#DIV/0!,#DIV/0!,#DIV/0!,#DIV/0!
GCTGCGGACCGGATCGCAGAGGTGGACGCC,30,20,2,0.23,477,1,0,,,,,,,,,,,,,,,,,,,,,,,,,,,,,,,,,,,,,,#DIV/0!,#DIV/0!,#DIV/0!,#DIV/0!,#DIV/0!
TTTACCGGCCGTCTCAATGCCGAACAGGTG,30,20,2,0.23,478,1,0,,,,,,,,,,,,,,,,,,,,,,,,,,,,,,,,,,,,,,#DIV/0!,#DIV/0!,#DIV/0!,#DIV/0!,#DIV/0!
GGAGGTGCGGGGGCTCCGGGGATCGGTC,28,20,2,0.23,479,1,0,,,,,,,,,,,,,,,,,,,,,,,,,,,,,,,,,,,,,,#DIV/0!,#DIV/0!,#DIV/0!,#DIV/0!,#DIV/0!
TGGACTGGTAGGCGTCCAGGTGTGGACTCC,30,20,2,0.23,480,1,0,,,,,,,,,,,,,,,,,,,,,,,,,,,,,,,,,,,,,,#DIV/0!,#DIV/0!,#DIV/0!,#DIV/0!,#DIV/0!
GCCGTGTGTGAGGGCACGGGGCCGGTTCGT,30,20,2,0.23,481,1,0,,,,,,,,,,,,,,,,,,,,,,,,,,,,,,,,,,,,,,#DIV/0!,#DIV/0!,#DIV/0!,#DIV/0!,#DIV/0!
GTTATCGGGGGTCGGAGGCAGTGCCGTTCG,30,20,2,0.23,482,1,0,,,,,,,,,,,,,,,,,,,,,,,,,,,,,,,,,,,,,,#DIV/0!,#DIV/0!,#DIV/0!,#DIV/0!,#DIV/0!
GCCTCATGTGCCTGTTCCGATGGGTGTTTA,30,20,2,0.23,483,1,0,,,,,,,,,,,,,,,,,,,,,,,,,,,,,,,,,,,,,,#DIV/0!,#DIV/0!,#DIV/0!,#DIV/0!,#DIV/0!
ATGCGTTCGACTGTGACTAGCTCGAAGTAC,30,20,2,0.23,484,1,0,,,,,,,,,,,,,,,,,,,,,,,,,,,,,,,,,,,,,,#DIV/0!,#DIV/0!,#DIV/0!,#DIV/0!,#DIV/0!
CCGCGATGGTCAGCCGCACTGGGGGTCGGC,30,20,2,0.23,485,1,0,,,,,,,,,,,,,,,,,,,,,,,,,,,,,,,,,,,,,,#DIV/0!,#DIV/0!,#DIV/0!,#DIV/0!,#DIV/0!
AGACGTAGAAGGTCGGAGTGCGATTACGCA,30,20,2,0.23,486,1,0,,,,,,,,,,,,,,,,,,,,,,,,,,,,,,,,,,,,,,#DIV/0!,#DIV/0!,#DIV/0!,#DIV/0!,#DIV/0!
AGCGGCACCGAAGTATCAAGAGGAGGTGCG,30,20,2,0.23,487,1,0,,,,,,,,,,,,,,,,,,,,,,,,,,,,,,,,,,,,,,#DIV/0!,#DIV/0!,#DIV/0!,#DIV/0!,#DIV/0!
ATGGGGTCCTGCGGTCCACGTCTTGACATA,30,20,2,0.23,488,1,0,,,,,,,,,,,,,,,,,,,,,,,,,,,,,,,,,,,,,,#DIV/0!,#DIV/0!,#DIV/0!,#DIV/0!,#DIV/0!
AGGCCGCTGCCAGGTGTATGAGTTGTCGCA,30,20,2,0.23,489,1,0,,,,,,,,,,,,,,,,,,,,,,,,,,,,,,,,,,,,,,#DIV/0!,#DIV/0!,#DIV/0!,#DIV/0!,#DIV/0!
GGATCGGGCTGGCTATCTCGGTCGTGCTGT,30,20,2,0.23,490,1,0,,,,,,,,,,,,,,,,,,,,,,,,,,,,,,,,,,,,,,#DIV/0!,#DIV/0!,#DIV/0!,#DIV/0!,#DIV/0!
GGGCACGCCGGCATCGCTCGGTAGCGTGGA,30,20,2,0.23,492,1,0,,,,,,,,,,,,,,,,,,,,,,,,,,,,,,,,,,,,,,#DIV/0!,#DIV/0!,#DIV/0!,#DIV/0!,#DIV/0!
GAGACGCGAGAGGATAGAGCGACTGGTTCA,30,20,2,0.23,493,1,0,,,,,,,,,,,,,,,,,,,,,,,,,,,,,,,,,,,,,,#DIV/0!,#DIV/0!,#DIV/0!,#DIV/0!,#DIV/0!
GTCATTGCGCGCAAGCGTAGCGACAGCGAG,30,20,2,0.23,494,1,0,,,,,,,,,,,,,,,,,,,,,,,,,,,,,,,,,,,,,,#DIV/0!,#DIV/0!,#DIV/0!,#DIV/0!,#DIV/0!
GTTCGAGGCGTAGCTAGTTACGGAGGTGCA,30,20,2,0.23,495,1,0,,,,,,,,,,,,,,,,,,,,,,,,,,,,,,,,,,,,,,#DIV/0!,#DIV/0!,#DIV/0!,#DIV/0!,#DIV/0!
AGAAGGTACGTCTAGTTCCTTCGCTGTACT,30,20,2,0.23,496,1,0,,,,,,,,,,,,,,,,,,,,,,,,,,,,,,,,,,,,,,#DIV/0!,#DIV/0!,#DIV/0!,#DIV/0!,#DIV/0!
ATGGCCGGGGCAAGACGATGCGTTGGCGAG,30,20,2,0.23,497,1,0,,,,,,,,,,,,,,,,,,,,,,,,,,,,,,,,,,,,,,#DIV/0!,#DIV/0!,#DIV/0!,#DIV/0!,#DIV/0!
TGTACCGAAGCGCTCTGCGTAGGGAAACCA,30,20,2,0.23,498,1,0,,,,,,,,,,,,,,,,,,,,,,,,,,,,,,,,,,,,,,#DIV/0!,#DIV/0!,#DIV/0!,#DIV/0!,#DIV/0!
GAGATCGCTCTGCGGGGAAGGGTAACTTCC,30,20,2,0.23,499,1,0,,,,,,,,,,,,,,,,,,,,,,,,,,,,,,,,,,,,,,#DIV/0!,#DIV/0!,#DIV/0!,#DIV/0!,#DIV/0!
AAAGGGGGGCCGAGGACGCCCGGGGTAGCC,30,20,2,0.23,500,1,0,,,,,,,,,,,,,,,,,,,,,,,,,,,,,,,,,,,,,,#DIV/0!,#DIV/0!,#DIV/0!,#DIV/0!,#DIV/0!
GACGTCATGGATTGATAGCACAGGGAATGTG,31,20,2,0.23,1,18,1,16,2,0.32,1,24,1,,,,,,,,,,,,,,,,,,,,,,,,,,,,,1.391304348,,,0.71875,#DIV/0!,#DIV/0!,#DIV/0!,#DIV/0!
GACATCATGGATTGGTAGCACAGGGAATGTG,31,20,2,0.23,1,20,1,16,2,0.32,1,18,1,,,,,,,,,,,,,,,,,,,,,,,,,,,,,1.391304348,,,0.71875,#DIV/0!,#DIV/0!,#DIV/0!,#DIV/0!
GACGTCATGGGTTGGTAGCACAGGGAATGTG,31,20,2,0.23,1,22,1,16,2,0.32,1,17,1,,,,,,,947,2,0.41,1,13,1,,,,,,,,,,,,,,1.782608696,,,1.391304348,,,0.71875,0.56097561,#DIV/0!,#DIV/0!,#DIV/0!
GACGTCATGGAATGGTAGCACAGGGAATGTG,31,20,2,0.23,1,29,1,16,2,0.32,1,26,1,,,,,,,947,2,0.41,1,15,1,,,,,,,,,,,,,,1.782608696,,,1.391304348,,,0.71875,0.56097561,#DIV/0!,#DIV/0!,#DIV/0!
GACGTCATGGATTGGTAGCACAGGGGATGTG,31,20,2,0.23,1,15,1,8,3,0.48,1,12,1,,,,,,,,,,,,,21,2,0.22,1,34,1,,,,,,,,,,0.956521739,2.086956522,,,0.479166667,#DIV/0!,#DIV/0!,1.045454545,#DIV/0!
